,address,house_number,cap,municipality,province_code,province,region
5155,Via Comacchio,4,20139,Milano,MI,Milano,Lombardia
5156,Via Comacchio,4,20139,Milano,MI,Milano,Lombardia
5157,Via Comacchio,4,20139,Milano,MI,Milano,Lombardia
5158,Via Comacchio,4,20139,Milano,MI,Milano,Lombardia
5159,Via C. Farini,5 - Ang. Ceresio,20154,Milano,MI,Milano,Lombardia
5160,Via Schiapparelli,4,20125,Milano,MI,Milano,Lombardia
5161,Via Buonarroti,5,20149,Milano,MI,Milano,Lombardia
5162,Via Buonarroti,5,20149,Milano,MI,Milano,Lombardia
5163,Via Buonarroti,5,20149,Milano,MI,Milano,Lombardia
5164,Via Buonarroti,5,20149,Milano,MI,Milano,Lombardia
5165,Viale Bligny,47,20136,Milano,MI,Milano,Lombardia
5166,Viale Bligny,47,20136,Milano,MI,Milano,Lombardia
5167,V.le Monza,43/B,20127,Milano,MI,Milano,Lombardia
5168,Viale Monza,43/B,20127,Milano,MI,Milano,Lombardia
5169,Via Pacini,30,20131,Milano,MI,Milano,Lombardia
5170,Via Aldini,108,20157,Milano,MI,Milano,Lombardia
5171,Piazzale Di Porta Lodovica,2,20136,Milano,MI,Milano,Lombardia
5172,P.le Lodovica,2,20136,Milano,MI,Milano,Lombardia
5173,Piazza 5 Giornate,7,20129,Milano,MI,Milano,Lombardia
5174,Piazza Cinque Giornate,7,20129,Milano,MI,Milano,Lombardia
5175,Piazza 5 Giornate,7,20129,Milano,MI,Milano,Lombardia
5176,Via S. Galdino,11,20154,Milano,MI,Milano,Lombardia
5177,Via A. Saffi,6,20123,Milano,MI,Milano,Lombardia
5178,Via A. Saffi,6,20123,Milano,MI,Milano,Lombardia
5179,Via A. Saffi,6,20123,Milano,MI,Milano,Lombardia
5180,Piazza Bausan,3,20158,Milano,MI,Milano,Lombardia
5181,Piazza Cavour,5,20121,Milano,MI,Milano,Lombardia
5182,Corso Concordia,16,20129,Milano,MI,Milano,Lombardia
5183,Via Orefici,2,20123,Milano,MI,Milano,Lombardia
5184,Via Fontana 1 - Angolo C.so Porta Vittoria,36,20122,Milano,MI,Milano,Lombardia
5185,C.so Porta Vittoria,36,20122,Milano,MI,Milano,Lombardia
5186,Via Canonica,6,20154,Milano,MI,Milano,Lombardia
5187,Via Pontaccio,22,20121,Milano,MI,Milano,Lombardia
5188,Piazzale Sempione,8,20154,Milano,MI,Milano,Lombardia
5189,Via Bigli,28 (ang.via Manzoni),20121,Milano,MI,Milano,Lombardia
5190,Via Bigli,28,20121,Milano,MI,Milano,Lombardia
5191,Via S. Agnese,3,20123,Milano,MI,Milano,Lombardia
5192,Via Giardini Aristice Calderini,3,20123,Milano,MI,Milano,Lombardia
5193,Corso Vercelli,5,20144,Milano,MI,Milano,Lombardia
5194,Piazza Lima,1,20129,Milano,MI,Milano,Lombardia
5195,Via Plinio,1 ( ang.Piazza Lima),20129,Milano,MI,Milano,Lombardia
5196,Piazza Baiamonti,1,20154,Milano,MI,Milano,Lombardia
5197,Corso Colombo,1,20144,Milano,MI,Milano,Lombardia
5198,Via Lamarmora,2,20122,Milano,MI,Milano,Lombardia
5199,Via S. Giovanni Sul Muro,9,20121,Milano,MI,Milano,Lombardia
5200,Via S. Giovanni Sul Muro,9,20121,Milano,MI,Milano,Lombardia
5201,Via S. Giovanni Sul Muro,9,20121,Milano,MI,Milano,Lombardia
5202,Via S. Giovanni Sul Muro,7,20121,Milano,MI,Milano,Lombardia
5203,Via S. Giovanni Sul Muro,9,20121,Milano,MI,Milano,Lombardia
5204,Via Stradivari,1,20131,Milano,MI,Milano,Lombardia
5205,Via Stradivari,1,20131,Milano,MI,Milano,Lombardia
5206,Via Larga,6,20122,Milano,MI,Milano,Lombardia
5207,Via Larga,6,20122,Milano,MI,Milano,Lombardia
5208,Piazza Vesuvio,14,20144,Milano,MI,Milano,Lombardia
5209,Via Leone Tolstoj,17,20146,Milano,MI,Milano,Lombardia
5210,Via Leone Tolstoj,17,20146,Milano,MI,Milano,Lombardia
5211,Via Leone Tolstoj,17,20146,Milano,MI,Milano,Lombardia
5212,Via Leone Tolstoj,17,20146,Milano,MI,Milano,Lombardia
5213,Via S. Vittore,12,20123,Milano,MI,Milano,Lombardia
5214,Via Sardegna,31,20146,Milano,MI,Milano,Lombardia
5215,Via Sardegna,31,20146,Milano,MI,Milano,Lombardia
5216,Via Plinio,11,20129,Milano,MI,Milano,Lombardia
5217,Via Plinio,11,20129,Milano,MI,Milano,Lombardia
5218,Via Monte Palombino,9,20138,Milano,MI,Milano,Lombardia
5219,Via Lagrange,2,20136,Milano,MI,Milano,Lombardia
5220,Via Lagrange,2,20136,Milano,MI,Milano,Lombardia
5221,Via Lagrange,2,20136,Milano,MI,Milano,Lombardia
5222,Via Mazzini,12,20123,Milano,MI,Milano,Lombardia
5223,Via Mazzini,12,20123,Milano,MI,Milano,Lombardia
5224,Via Mazzini,12,20123,Milano,MI,Milano,Lombardia
5225,Via Monte Rosa,27,20149,Milano,MI,Milano,Lombardia
5226,Via Monte Rosa,27,20149,Milano,MI,Milano,Lombardia
5227,Corso S. Gottardo,1,20136,Milano,MI,Milano,Lombardia
5228,Via Bellotti,1,20129,Milano,MI,Milano,Lombardia
5229,Via Leopoldo Pollak,8,20153,Milano,MI,Milano,Lombardia
5230,Via Novara,90,20153,Milano,MI,Milano,Lombardia
5231,Via Novara,90,20153,Milano,MI,Milano,Lombardia
5232,Via Leopoldo Pollak,8,20153,Milano,MI,Milano,Lombardia
5233,Via Novara,90,20153,Milano,MI,Milano,Lombardia
5234,Via Novara,90,20153,Milano,MI,Milano,Lombardia
5235,Via Degli Imbriani,28 Ang. Via Ugoni,20158,Milano,MI,Milano,Lombardia
5236,Via Degli Imbriani,28 Ang. Via Ugoni,20158,Milano,MI,Milano,Lombardia
5237,Via Degli Imbriani,35,20158,Milano,MI,Milano,Lombardia
5238,Via Ruggero Di Lauria,22,20149,Milano,MI,Milano,Lombardia
5239,Via R. Di Lauria,22,20149,Milano,MI,Milano,Lombardia
5240,P.za Duca D'aosta,4,20124,Milano,MI,Milano,Lombardia
5241,Via V. Pisani,26,20124,Milano,MI,Milano,Lombardia
5242,Corso Buenos Ayres,55,20124,Milano,MI,Milano,Lombardia
5243,C.so Buenos Ayres,55,20124,Milano,MI,Milano,Lombardia
5244,Via Nicola Piccinni,1,20131,Milano,MI,Milano,Lombardia
5245,Via Nicola Piccinni,1/3,20131,Milano,MI,Milano,Lombardia
5246,Via Washington,98,20146,Milano,MI,Milano,Lombardia
5247,Via Pier Della Francesca,3,20154,Milano,MI,Milano,Lombardia
5248,Via Pier Della Francesca,3,20154,Milano,MI,Milano,Lombardia
5249,Via Pier Della Francesca,3,20154,Milano,MI,Milano,Lombardia
5250,Viale Monte Nero,59,20135,Milano,MI,Milano,Lombardia
5251,Viale Monte Nero,59,20135,Milano,MI,Milano,Lombardia
5252,Via Crema,17,20135,Milano,MI,Milano,Lombardia
5253,Via Crema,17,20135,Milano,MI,Milano,Lombardia
5254,Via Crema,17,20135,Milano,MI,Milano,Lombardia
5255,Via Crema,17,20135,Milano,MI,Milano,Lombardia
5256,Via Novara,3,20147,Milano,MI,Milano,Lombardia
5257,Via Novara,3,20147,Milano,MI,Milano,Lombardia
5258,Via Carducci,11,20123,Milano,MI,Milano,Lombardia
5259,Via Carducci,11,20123,Milano,MI,Milano,Lombardia
5260,Via Strigelli,2,20135,Milano,MI,Milano,Lombardia
5261,Via Strigelli,2,20135,Milano,MI,Milano,Lombardia
5262,Via Strigelli,2,20135,Milano,MI,Milano,Lombardia
5263,V.le Montenero,37,20135,Milano,MI,Milano,Lombardia
5264,Viale Montenero,37,20135,Milano,MI,Milano,Lombardia
5265,Viale Montenero,37,20135,Milano,MI,Milano,Lombardia
5266,Viale Montenero,37,20135,Milano,MI,Milano,Lombardia
5267,Viale Affori,10,20161,Milano,MI,Milano,Lombardia
5268,Piazzale Gabrio Piola,1,20131,Milano,MI,Milano,Lombardia
5269,Piazza Piola,1,20131,Milano,MI,Milano,Lombardia
5270,P.za Piola,1,20131,Milano,MI,Milano,Lombardia
5271,Piazzale Gabrio Piola,1,20131,Milano,MI,Milano,Lombardia
5272,P.za Piola,1,20131,Milano,MI,Milano,Lombardia
5273,Via Visconti Di Modrone,1,20122,Milano,MI,Milano,Lombardia
5274,Via Visconti Di Modrone,1,20122,Milano,MI,Milano,Lombardia
5275,Via Alamanni,2,20141,Milano,MI,Milano,Lombardia
5276,Via Alamanni,2,20141,Milano,MI,Milano,Lombardia
5277,Via Alamanni,2,20141,Milano,MI,Milano,Lombardia
5278,Piazzale Gorini,14,20133,Milano,MI,Milano,Lombardia
5279,Via S. Marco,18,20121,Milano,MI,Milano,Lombardia
5280,Corso Garibaldi,49,20121,Milano,MI,Milano,Lombardia
5281,Corso P.ta Ticinese,50,20123,Milano,MI,Milano,Lombardia
5282,Via S. Vincenzo,1,20123,Milano,MI,Milano,Lombardia
5283,Via S. Vincenzo,1,20123,Milano,MI,Milano,Lombardia
5284,Via S. Vincenzo,1,20123,Milano,MI,Milano,Lombardia
5285,Corso Magenta,96,20123,Milano,MI,Milano,Lombardia
5286,Corso Magenta,96,20123,Milano,MI,Milano,Lombardia
5287,Viale Romagna,25,20133,Milano,MI,Milano,Lombardia
5288,V.le Romagna,25,20133,Milano,MI,Milano,Lombardia
5289,Corso Buenos Aires,39,20124,Milano,MI,Milano,Lombardia
5290,C.so Buens Ayres,39,20124,Milano,MI,Milano,Lombardia
5291,C.so Buens Ayres,39,20124,Milano,MI,Milano,Lombardia
5292,Via Varsavia,4,20137,Milano,MI,Milano,Lombardia
5293,Via Padova (ang. Celentano,1),20132,Milano,MI,Milano,Lombardia
5294,Via Padova (ang. Celentano,1),20132,Milano,MI,Milano,Lombardia
5295,Via Padova (ang. Celentano,1),20132,Milano,MI,Milano,Lombardia
5296,Corso 22 Marzo,52/7,20137,Milano,MI,Milano,Lombardia
5297,Corso 22 Marzo,52/7,20137,Milano,MI,Milano,Lombardia
5298,Corso 22 Marzo,52/7,20137,Milano,MI,Milano,Lombardia
5299,Via Settembrini,39,20124,Milano,MI,Milano,Lombardia
5300,Via Emilio De Marchi,45,20125,Milano,MI,Milano,Lombardia
5301,Via Emilio De Marchi,10,20125,Milano,MI,Milano,Lombardia
5302,Via Ornato,13/A,20162,Milano,MI,Milano,Lombardia
5303,Via Pola,13,20124,Milano,MI,Milano,Lombardia
5304,Via Pola,19,20124,Milano,MI,Milano,Lombardia
5305,Via Pola,19,20124,Milano,MI,Milano,Lombardia
5306,Via Pola,19,20124,Milano,MI,Milano,Lombardia
5307,Via Rombon,29,20134,Milano,MI,Milano,Lombardia
5308,Viale Suzzani,273,20162,Milano,MI,Milano,Lombardia
5309,V.le Suzzani,273,20162,Milano,MI,Milano,Lombardia
5310,Piazzale Cuoco,8,20137,Milano,MI,Milano,Lombardia
5311,Via Arsia,152,20157,Milano,MI,Milano,Lombardia
5312,Via Cogne,18,20157,Milano,MI,Milano,Lombardia
5313,Piazza Scolari,3,20151,Milano,MI,Milano,Lombardia
5314,Via Airolo,36,20159,Milano,MI,Milano,Lombardia
5315,Via Airolo,36,20159,Milano,MI,Milano,Lombardia
5316,Via Airolo,36,20159,Milano,MI,Milano,Lombardia
5317,Via Airolo,36,20159,Milano,MI,Milano,Lombardia
5318,Via Barzilai,2,20146,Milano,MI,Milano,Lombardia
5321,Via Saponaro,34,20142,Milano,MI,Milano,Lombardia
5322,Via Saponaro,34,20142,Milano,MI,Milano,Lombardia
5323,Via Saponaro,34,20142,Milano,MI,Milano,Lombardia
5324,Via Saponaro,34,20142,Milano,MI,Milano,Lombardia
5325,Via S.clicerio,6,20126,Milano,MI,Milano,Lombardia
5326,Piazza Duomo,21,20121,Milano,MI,Milano,Lombardia
5327,P.za Duomo,21,20121,Milano,MI,Milano,Lombardia
5328,P.za Duomo,21,20121,Milano,MI,Milano,Lombardia
5329,Piazza Duomo,21,20121,Milano,MI,Milano,Lombardia
5330,Via Alex Visconti,22/A,20151,Milano,MI,Milano,Lombardia
5331,Viale S. Gimignano,30,20146,Milano,MI,Milano,Lombardia
5332,Viale S. Gimignano,30,20146,Milano,MI,Milano,Lombardia
5333,Via Malpighi,12,20129,Milano,MI,Milano,Lombardia
5334,Via Vincenzo Monti,56,20123,Milano,MI,Milano,Lombardia
5335,Via Vincenzo Monti,56,20123,Milano,MI,Milano,Lombardia
5336,Via Vincenzo Monti,56,20123,Milano,MI,Milano,Lombardia
5337,Via Vincenzo Monti,56,20123,Milano,MI,Milano,Lombardia
5338,Via Vincenzo Monti,56,20123,Milano,MI,Milano,Lombardia
5339,Via Della Moscova,22,20121,Milano,MI,Milano,Lombardia
5340,Via Paravia,75,20148,Milano,MI,Milano,Lombardia
5341,Via Paravia,75,20148,Milano,MI,Milano,Lombardia
5342,Via Paravia,75,20148,Milano,MI,Milano,Lombardia
5343,Piazza 6 Febbraio,16,20145,Milano,MI,Milano,Lombardia
5344,Piazza 6 Febbraio,16,20145,Milano,MI,Milano,Lombardia
5345,P.za 6 Febbraio,16,20145,Milano,MI,Milano,Lombardia
5346,Via Venosa,4,20137,Milano,MI,Milano,Lombardia
5347,Via Castelmorrone,6,20129,Milano,MI,Milano,Lombardia
5348,Via Antonini,56,20141,Milano,MI,Milano,Lombardia
5349,Via Antonini,56,20141,Milano,MI,Milano,Lombardia
5350,Corso Xxii Marzo,23,20129,Milano,MI,Milano,Lombardia
5351,Viale Corsica,42,20137,Milano,MI,Milano,Lombardia
5352,Via Tonale,26,20125,Milano,MI,Milano,Lombardia
5353,Via Melchiorre Gioia,43,20124,Milano,MI,Milano,Lombardia
5354,Via Melchiorre Gioia,43,20124,Milano,MI,Milano,Lombardia
5355,Via Gulielmo Silva,39,20149,Milano,MI,Milano,Lombardia
5356,Via Gulielmo Silva,39,20149,Milano,MI,Milano,Lombardia
5357,Via Gulielmo Silva,39,20149,Milano,MI,Milano,Lombardia
5358,Via Gulielmo Silva,39,20149,Milano,MI,Milano,Lombardia
5359,Via Delle Forze Armate,179,20139,Milano,MI,Milano,Lombardia
5360,Piazza Caneva,3,20154,Milano,MI,Milano,Lombardia
5361,P.za Caneva,3,20154,Milano,MI,Milano,Lombardia
5362,Via Forze Armate,212,20152,Milano,MI,Milano,Lombardia
5363,Via Forze Armate,212,20152,Milano,MI,Milano,Lombardia
5364,Via Forze Armate,212,20152,Milano,MI,Milano,Lombardia
5365,Via Forze Armate,212,20152,Milano,MI,Milano,Lombardia
5366,Via Montegani,4,20141,Milano,MI,Milano,Lombardia
5367,Via Montegani,4,20141,Milano,MI,Milano,Lombardia
5368,Via Montegani,4,20141,Milano,MI,Milano,Lombardia
5369,Via Melchiorre Gioia,135,20125,Milano,MI,Milano,Lombardia
5370,Via Melchiorre Gioia,135,20125,Milano,MI,Milano,Lombardia
5371,Via Melchiorre Gioia,135,20125,Milano,MI,Milano,Lombardia
5372,Via Delle Betulle,36/C,20152,Milano,MI,Milano,Lombardia
5373,Via Renato Serra,52,20149,Milano,MI,Milano,Lombardia
5374,Via Padova Ang. Via Toselli,2,20127,Milano,MI,Milano,Lombardia
5375,Piazza Udine,8,20132,Milano,MI,Milano,Lombardia
5376,Via G. Murat,85,20159,Milano,MI,Milano,Lombardia
5377,Via G. Murat,85 - ang. Piazza Nizza,20159,Milano,MI,Milano,Lombardia
5378,Via Parenzo,8,20151,Milano,MI,Milano,Lombardia
5379,Via Trenno,15,20151,Milano,MI,Milano,Lombardia
5380,Via Volvinio,25,20141,Milano,MI,Milano,Lombardia
5381,Via Bagarotti,40,20152,Milano,MI,Milano,Lombardia
5382,Piazza Monti,9,20153,Milano,MI,Milano,Lombardia
5383,Via Forze Armate,328,20152,Milano,MI,Milano,Lombardia
5384,Via Livigno,6/B,20158,Milano,MI,Milano,Lombardia
5385,Via Suzzani,155,20162,Milano,MI,Milano,Lombardia
5386,Via Pierlombardo,19,20135,Milano,MI,Milano,Lombardia
5387,Piazza Prealpi,3,20155,Milano,MI,Milano,Lombardia
5388,Via Pascoli,80,20133,Milano,MI,Milano,Lombardia
5389,Piazza Bonomelli,4,20139,Milano,MI,Milano,Lombardia
5390,Via Fratelli Zoia,43,20134,Milano,MI,Milano,Lombardia
5391,Via Cima,7,20134,Milano,MI,Milano,Lombardia
5392,Via Lomellina Ang. Via Monte Suello,1,20133,Milano,MI,Milano,Lombardia
5393,Via Forze Armate,44,20147,Milano,MI,Milano,Lombardia
5394,Via S. Gimignano,13/A,20146,Milano,MI,Milano,Lombardia
5395,Via S. Gimignano,13/A,20146,Milano,MI,Milano,Lombardia
5396,Via Palanzone,32,20162,Milano,MI,Milano,Lombardia
5397,Via Chiarelli,10,20151,Milano,MI,Milano,Lombardia
5398,Via Capuana,3,20157,Milano,MI,Milano,Lombardia
5399,Via Via Fratelli Lumiere,2,20127,Milano,MI,Milano,Lombardia
5400,Via Fratelli Lumiere,2,20127,Milano,MI,Milano,Lombardia
5401,Via Marocco,15,20127,Milano,MI,Milano,Lombardia
5402,Via Val Maira,14,20162,Milano,MI,Milano,Lombardia
5403,Piazza Axum,5/3,20151,Milano,MI,Milano,Lombardia
5404,Via Teodosio,104,20131,Milano,MI,Milano,Lombardia
5405,Via Lessona,55,20157,Milano,MI,Milano,Lombardia
5406,Viale Espinasse,30,20156,Milano,MI,Milano,Lombardia
5407,Viale Espinasse,30,20156,Milano,MI,Milano,Lombardia
5408,V.le Espinasse,30,20156,Milano,MI,Milano,Lombardia
5409,Via Paolo Sarpi,62,20154,Milano,MI,Milano,Lombardia
5410,Via Iglesias,48,20128,Milano,MI,Milano,Lombardia
5411,Via Morgantini,14,20148,Milano,MI,Milano,Lombardia
5412,Via Angeloni,33,20161,Milano,MI,Milano,Lombardia
5413,Via Vetta D'italia,18,20144,Milano,MI,Milano,Lombardia
5414,Via Vignoli,42/44,20146,Milano,MI,Milano,Lombardia
5415,Via Petrocchi,21,20127,Milano,MI,Milano,Lombardia
5416,Via Ressi,23,20125,Milano,MI,Milano,Lombardia
5417,Via Rogoredo,113,20138,Milano,MI,Milano,Lombardia
5418,Via Astesani,43/45,20161,Milano,MI,Milano,Lombardia
5419,Via C. Baroni,11,20142,Milano,MI,Milano,Lombardia
5420,Via Saponaro,2/C,20142,Milano,MI,Milano,Lombardia
5421,Via Marucchetti,27,20139,Milano,MI,Milano,Lombardia
5422,Piazza Anita Garibaldi,8,20153,Milano,MI,Milano,Lombardia
5423,Via Nicolaiewka,3,20152,Milano,MI,Milano,Lombardia
5424,Via Mecenate,25,20138,Milano,MI,Milano,Lombardia
5425,Via Ungaretti,12,20157,Milano,MI,Milano,Lombardia
5426,Via Ungaretti,12,20157,Milano,MI,Milano,Lombardia
5427,Via Boifava,4/C,20142,Milano,MI,Milano,Lombardia
5428,Viale Suzzani,239,20162,Milano,MI,Milano,Lombardia
5429,Via Ciceri Visconti,10,20137,Milano,MI,Milano,Lombardia
5430,Via Felice Casati,1/a,20124,Milano,MI,Milano,Lombardia
5431,Via Spallanzani,15,20124,Milano,MI,Milano,Lombardia
5432,Corso Buenos Aires,14,20124,Milano,MI,Milano,Lombardia
5433,Viale Ungheria,10,20138,Milano,MI,Milano,Lombardia
5434,Piazza 5 Giornate,6,20129,Milano,MI,Milano,Lombardia
5435,C.so Plebisciti,7,20129,Milano,MI,Milano,Lombardia
5436,C.so Plebisciti,7,20129,Milano,MI,Milano,Lombardia
5437,Corso Plebisciti,7,20129,Milano,MI,Milano,Lombardia
5438,Via Fratelli Zoia,84/2,20153,Milano,MI,Milano,Lombardia
5439,Piazza Insubria,11,20137,Milano,MI,Milano,Lombardia
5440,Piazza Insubria,11,20137,Milano,MI,Milano,Lombardia
5441,Corso Sempione,67,20149,Milano,MI,Milano,Lombardia
5442,C.so Sempione,67,20149,Milano,MI,Milano,Lombardia
5443,C.so Sempione,67,20149,Milano,MI,Milano,Lombardia
5444,Via Lessona,2,20157,Milano,MI,Milano,Lombardia
5445,Via Lessona,2,20157,Milano,MI,Milano,Lombardia
5446,Via Lessona,2,20157,Milano,MI,Milano,Lombardia
5447,Via Lessona,2,20157,Milano,MI,Milano,Lombardia
5448,Viale Suzzani,18,20162,Milano,MI,Milano,Lombardia
5449,Via Saint Bon,2,20147,Milano,MI,Milano,Lombardia
5450,Via Saint Bon,2,20147,Milano,MI,Milano,Lombardia
5451,Via Monterotondo,1,20162,Milano,MI,Milano,Lombardia
5452,Via Monterotondo,1,20162,Milano,MI,Milano,Lombardia
5453,Via Monterotondo,1,20162,Milano,MI,Milano,Lombardia
5454,P.zale Duca D'aosta,2-Staz. Centrale-Pianobinario,20124,Milano,MI,Milano,Lombardia
5455,P.zale Duca D'aosta,Snc-staz. Centrale-primo Piano,20125,Milano,MI,Milano,Lombardia
5456,Via Fratelli Zanzottera,12,20153,Milano,MI,Milano,Lombardia
5457,Via Padova,256 (Via Pieri 1),20127,Milano,MI,Milano,Lombardia
5458,Via Sulmona,23,20139,Milano,MI,Milano,Lombardia
5459,Via Cignoli,1,20151,Milano,MI,Milano,Lombardia
5460,Via Foppa,5,20121,Milano,MI,Milano,Lombardia
5461,Via Ampere,87,20131,Milano,MI,Milano,Lombardia
5462,Via S.paolino,18,20142,Milano,MI,Milano,Lombardia
5463,Via Ponte Nuovo,40,20128,Milano,MI,Milano,Lombardia
5464,Via Ponte Nuovo,40,20128,Milano,MI,Milano,Lombardia
5465,Viale Aruzzi,4,20100,Milano,MI,Milano,Lombardia
5466,Via Del Pettirosso,16,20147,Milano,MI,Milano,Lombardia
5467,Via Poggibonsi,14,20146,Milano,MI,Milano,Lombardia
5468,Via Imbonati,61,20159,Milano,MI,Milano,Lombardia
5469,Via Grigna,9,20155,Milano,MI,Milano,Lombardia
5470,Via Palmanova,67,20132,Milano,MI,Milano,Lombardia
5471,Via Zuretti,37,20125,Milano,MI,Milano,Lombardia
5472,Piazza Angilberto Ii,9,20139,Milano,MI,Milano,Lombardia
5473,Via D'agrate,1,20139,Milano,MI,Milano,Lombardia
5474,Via R. Bonghi,22,20141,Milano,MI,Milano,Lombardia
5475,Via Illirico,2,20133,Milano,MI,Milano,Lombardia
5476,Via Barrili,20,20141,Milano,MI,Milano,Lombardia
5477,Via G. Murat,5,20159,Milano,MI,Milano,Lombardia
5478,Via Arbe,65,20125,Milano,MI,Milano,Lombardia
5479,Via Compagnoni,24,20129,Milano,MI,Milano,Lombardia
5480,Via Alcuino,18,20149,Milano,MI,Milano,Lombardia
5482,Via Faccioli,2,20152,Milano,MI,Milano,Lombardia
5483,Via Faccioli,2,20152,Milano,MI,Milano,Lombardia
5484,Via Faccioli,2,20152,Milano,MI,Milano,Lombardia
5485,Via Casoretto,1,20131,Milano,MI,Milano,Lombardia
5486,Via Famagosta,40,20142,Milano,MI,Milano,Lombardia
5487,Via Battistoni Sassi,24,20133,Milano,MI,Milano,Lombardia
5488,Via Cucchiari,15,20155,Milano,MI,Milano,Lombardia
5489,Viale Monza,63,20125,Milano,MI,Milano,Lombardia
5490,Viale Monza,63,20125,Milano,MI,Milano,Lombardia
5491,Viale Monza,63,20125,Milano,MI,Milano,Lombardia
5492,Via Inganni,40,20147,Milano,MI,Milano,Lombardia
5493,Via Inganni,40,20147,Milano,MI,Milano,Lombardia
5494,Piazza Falterona,3,20148,Milano,MI,Milano,Lombardia
5495,Via Masotto,1,20133,Milano,MI,Milano,Lombardia
5496,Via Masotto,1,20133,Milano,MI,Milano,Lombardia
5497,Via Masotto,1,20133,Milano,MI,Milano,Lombardia
5498,Via Giorgio Washington,74,20146,Milano,MI,Milano,Lombardia
5499,Via Dei Guarneri,24,20141,Milano,MI,Milano,Lombardia
5502,Via Cesare Correnti,2,20123,Milano,MI,Milano,Lombardia
5503,Via Porpora,169,20131,Milano,MI,Milano,Lombardia
5504,Via Sismondi,67,20133,Milano,MI,Milano,Lombardia
5505,Via De Ruggero,8,20142,Milano,MI,Milano,Lombardia
5506,Via Ripamonti,108,20141,Milano,MI,Milano,Lombardia
5507,Via Ripamonti,108,20141,Milano,MI,Milano,Lombardia
5508,Via Ripamonti,108,20141,Milano,MI,Milano,Lombardia
5509,Via Ripamonti,108,20141,Milano,MI,Milano,Lombardia
5510,Via Broletto,30,20121,Milano,MI,Milano,Lombardia
5511,Via Broletto,30,20121,Milano,MI,Milano,Lombardia
5512,Via Casarsa,13,20161,Milano,MI,Milano,Lombardia
5513,Via Casarsa,13,20161,Milano,MI,Milano,Lombardia
5514,Via Casarsa,13,20161,Milano,MI,Milano,Lombardia
5515,Viale Monza,226,20128,Milano,MI,Milano,Lombardia
5516,Via Boccaccio,26,20123,Milano,MI,Milano,Lombardia
5517,Viale Zara,145,20159,Milano,MI,Milano,Lombardia
5518,V.le Zara,145,20159,Milano,MI,Milano,Lombardia
5519,Via Archimede,20,20129,Milano,MI,Milano,Lombardia
5520,Via Archimede,20,20129,Milano,MI,Milano,Lombardia
5521,Via Paolo Sarpi,14,20154,Milano,MI,Milano,Lombardia
5522,Via Paolo Sarpi,25,20154,Milano,MI,Milano,Lombardia
5523,Via Paolo Sarpi,14,20154,Milano,MI,Milano,Lombardia
5525,Via Collecchio,4,20148,Milano,MI,Milano,Lombardia
5526,Via Panfilo Castaldi,29,20124,Milano,MI,Milano,Lombardia
5527,Viale Regina Giovanna,42,20129,Milano,MI,Milano,Lombardia
5528,Via Quarenghi,21/23 Cen.Bonola,20151,Milano,MI,Milano,Lombardia
5529,Via Quarenghi,21/23 Cen.Bonola,20151,Milano,MI,Milano,Lombardia
5530,Via P. Sottocorno,1,20129,Milano,MI,Milano,Lombardia
5531,Via P. Sottocorno,1,20129,Milano,MI,Milano,Lombardia
5532,Via Lorenteggio,208,20147,Milano,MI,Milano,Lombardia
5533,Via Lorenteggio,208,20147,Milano,MI,Milano,Lombardia
5534,Via Lorenteggio,208,20147,Milano,MI,Milano,Lombardia
5535,Via Delle Ande,5,20151,Milano,MI,Milano,Lombardia
5536,Via Delle Ande,5,20151,Milano,MI,Milano,Lombardia
5537,Via Delle Ande,5,20151,Milano,MI,Milano,Lombardia
5538,Via Rembrandt,22,20148,Milano,MI,Milano,Lombardia
5539,Via Rembrandt,49,20148,Milano,MI,Milano,Lombardia
5540,Via Cherubini,2,20145,Milano,MI,Milano,Lombardia
5541,Via Cherubini,2,20145,Milano,MI,Milano,Lombardia
5542,Via Cherubini,2,20145,Milano,MI,Milano,Lombardia
5543,Via Cherubini,2,20145,Milano,MI,Milano,Lombardia
5544,Via Cherubini,2,20145,Milano,MI,Milano,Lombardia
5545,Via G. Forni,34,20161,Milano,MI,Milano,Lombardia
5546,Via G. Forni,34,20161,Milano,MI,Milano,Lombardia
5547,Via G. Forni,34,20161,Milano,MI,Milano,Lombardia
5548,Ripa Ticinese,33,20143,Milano,MI,Milano,Lombardia
5549,Ripa Ticinese,33,20143,Milano,MI,Milano,Lombardia
5550,Corso Colombo,6,20144,Milano,MI,Milano,Lombardia
5551,Corso Colombo,6,20144,Milano,MI,Milano,Lombardia
5552,Corso Colombo,6,20144,Milano,MI,Milano,Lombardia
5553,Via Fiordalisi,2,20146,Milano,MI,Milano,Lombardia
5554,Via Olmetto,21,20123,Milano,MI,Milano,Lombardia
5555,Via Olmetto,21,20123,Milano,MI,Milano,Lombardia
5556,Via Solari,40,20144,Milano,MI,Milano,Lombardia
5557,Via Solari,40,20144,Milano,MI,Milano,Lombardia
5558,Via Solari,40,20144,Milano,MI,Milano,Lombardia
5559,Largo Murani,2,20133,Milano,MI,Milano,Lombardia
5560,Largo Murani,2,20133,Milano,MI,Milano,Lombardia
5561,Viale Monza,126,20127,Milano,MI,Milano,Lombardia
5562,Via Natta,20,20151,Milano,MI,Milano,Lombardia
5565,Via Bovisasca,173,20161,Milano,MI,Milano,Lombardia
5566,Via Bovisasca,173,20157,Milano,MI,Milano,Lombardia
5567,Via Mercato,1,20121,Milano,MI,Milano,Lombardia
5568,Via Mercato,1,20121,Milano,MI,Milano,Lombardia
5569,Via Zanoli,3,20161,Milano,MI,Milano,Lombardia
5570,Via Zanoli,3,20161,Milano,MI,Milano,Lombardia
5571,Via Zanoli,3,20161,Milano,MI,Milano,Lombardia
5572,Via Zanoli,3,20161,Milano,MI,Milano,Lombardia
5573,Via Padova,84,20131,Milano,MI,Milano,Lombardia
5574,Via Padova,84,20131,Milano,MI,Milano,Lombardia
5575,Via Giorgio Chavez,19,20131,Milano,MI,Milano,Lombardia
5576,C.so Europa,12,20122,Milano,MI,Milano,Lombardia
5577,C.so Europa,12,20122,Milano,MI,Milano,Lombardia
5578,Via Durini,28,20122,Milano,MI,Milano,Lombardia
5579,C.so V. Emanuele,15,20122,Milano,MI,Milano,Lombardia
5580,C.so V. Emanuele,15,20122,Milano,MI,Milano,Lombardia
5581,Via Torino Ang. Stampa,14,20123,Milano,MI,Milano,Lombardia
5582,Via Torino Ang. Stampa,14,20123,Milano,MI,Milano,Lombardia
5583,Via Torino Ang. Stampa,14,20123,Milano,MI,Milano,Lombardia
5584,Via De Pretis,1,20142,Milano,MI,Milano,Lombardia
5585,Via Bassano Porrone,4,20121,Milano,MI,Milano,Lombardia
5586,Via Bassano Porrone,4,20121,Milano,MI,Milano,Lombardia
5587,Via Giambellino,131/5,20147,Milano,MI,Milano,Lombardia
5588,Via Pavia,1,20136,Milano,MI,Milano,Lombardia
5589,Via Pavia,1,20136,Milano,MI,Milano,Lombardia
5590,Via Giambellino,64,20146,Milano,MI,Milano,Lombardia
5591,Largo Augusto,8,20122,Milano,MI,Milano,Lombardia
5592,Largo Augusto,8,20122,Milano,MI,Milano,Lombardia
5593,Largo La Foppa,1,20121,Milano,MI,Milano,Lombardia
5594,Largo La Foppa,1,20121,Milano,MI,Milano,Lombardia
5595,Largo La Foppa,1,20121,Milano,MI,Milano,Lombardia
5596,Largo La Foppa,1,20121,Milano,MI,Milano,Lombardia
5597,Via Sem Benelli,11 - Ang. Via Uruguay,20151,Milano,MI,Milano,Lombardia
5598,Via C. Matteucci,4,20129,Milano,MI,Milano,Lombardia
5599,Via C. Matteucci,4,20129,Milano,MI,Milano,Lombardia
5600,Via C. Matteucci,4,20129,Milano,MI,Milano,Lombardia
5601,Via Dei Transiti,1,20127,Milano,MI,Milano,Lombardia
5602,Via Predabissi,2,20131,Milano,MI,Milano,Lombardia
5603,Via Dei Transiti,1,20127,Milano,MI,Milano,Lombardia
5604,Via Dei Transiti,1,20127,Milano,MI,Milano,Lombardia
5605,Viale Rimembranze M Lambrate,18,20134,Milano,MI,Milano,Lombardia
5606,V.le Rimembranze,40,20125,Milano,MI,Milano,Lombardia
5607,Viale Delle Rimembranze Di Greco,40,20125,Milano,MI,Milano,Lombardia
5608,Viale Delle Rimembranze Di Greco,40,20125,Milano,MI,Milano,Lombardia
5609,V.le Rimembranze,40,20125,Milano,MI,Milano,Lombardia
5610,Viale Rimembranze,40,20125,Milano,MI,Milano,Lombardia
5611,Viale Tibaldi,50,20136,Milano,MI,Milano,Lombardia
5612,Corso Garibaldi,83,20121,Milano,MI,Milano,Lombardia
5613,Viale Zara,38,20124,Milano,MI,Milano,Lombardia
5614,Via Cassiodoro,12,20145,Milano,MI,Milano,Lombardia
5615,Via Cassiodoro,12,20145,Milano,MI,Milano,Lombardia
5616,Via Cassiodoro,12,20145,Milano,MI,Milano,Lombardia
5617,Viale Cassiodoro,12,20145,Milano,MI,Milano,Lombardia
5618,Via Cassiodoro,12,20145,Milano,MI,Milano,Lombardia
5619,Via Cassiodoro,12,20145,Milano,MI,Milano,Lombardia
5620,Via Litta Modignami,5,20161,Milano,MI,Milano,Lombardia
5621,Via Litta Modignami,5,20161,Milano,MI,Milano,Lombardia
5622,Via Carnevali,70,20158,Milano,MI,Milano,Lombardia
5623,Via Tibaldi,15,20136,Milano,MI,Milano,Lombardia
5624,Via Tibaldi,15,20136,Milano,MI,Milano,Lombardia
5625,Via Tibaldi,15,20136,Milano,MI,Milano,Lombardia
5626,Piazza Tricolore,2,20142,Milano,MI,Milano,Lombardia
5627,C.so Lodi,5,20135,Milano,MI,Milano,Lombardia
5628,Corso Lodi,5,20135,Milano,MI,Milano,Lombardia
5629,Corso Lodi,5,20135,Milano,MI,Milano,Lombardia
5630,P.za S. Maria Beltrade,1,20123,Milano,MI,Milano,Lombardia
5631,Piazza S. Maria Beltrade,1,20123,Milano,MI,Milano,Lombardia
5632,P.za S. Maria Beltrade,1,20123,Milano,MI,Milano,Lombardia
5633,Piazza S. Maria Beltrade,1,20123,Milano,MI,Milano,Lombardia
5634,Piazza Guardi,15,20133,Milano,MI,Milano,Lombardia
5635,Piazza Guardi,15,20133,Milano,MI,Milano,Lombardia
5636,Via Dell'orso,1,20121,Milano,MI,Milano,Lombardia
5637,Corso P.ta Ticinese,98,20123,Milano,MI,Milano,Lombardia
5638,Viale Forlanini,50/5,20138,Milano,MI,Milano,Lombardia
5639,Piazzale Martesana,4 -  Angolo V.le Monza,20126,Milano,MI,Milano,Lombardia
5640,Piazzale Martesana,4 -  Angolo V.le Monza,20126,Milano,MI,Milano,Lombardia
5641,V.le Monza,245,20126,Milano,MI,Milano,Lombardia
5642,Piazzale Martesana,4 -  Angolo V.le Monza,20126,Milano,MI,Milano,Lombardia
5643,C.so Genova,27,20123,Milano,MI,Milano,Lombardia
5644,Corso Genova,27,20123,Milano,MI,Milano,Lombardia
5645,Piazza Morbegno,3,20127,Milano,MI,Milano,Lombardia
5646,Via Varanini,19,20127,Milano,MI,Milano,Lombardia
5647,Via Luigi Varanini,19,20127,Milano,MI,Milano,Lombardia
5648,Via De Angeli,1,20141,Milano,MI,Milano,Lombardia
5649,Via De Angeli,1,20141,Milano,MI,Milano,Lombardia
5650,Viale Toscana,17,20136,Milano,MI,Milano,Lombardia
5651,Via Dante,17,20123,Milano,MI,Milano,Lombardia
5652,Via Dante,17,20123,Milano,MI,Milano,Lombardia
5653,Via Stradella,1,20129,Milano,MI,Milano,Lombardia
5654,Via Stradella,1,20129,Milano,MI,Milano,Lombardia
5655,Via Civitali,41,20148,Milano,MI,Milano,Lombardia
5656,Via Bodoni,19,20155,Milano,MI,Milano,Lombardia
5657,Viale Umbria,109,20135,Milano,MI,Milano,Lombardia
5658,V.le Umbria,109,20135,Milano,MI,Milano,Lombardia
5659,Viale Certosa,282,20156,Milano,MI,Milano,Lombardia
5660,Via Lodovico Il Moro,163,20142,Milano,MI,Milano,Lombardia
5661,Via Lodovico Il Moro,163,20143,Milano,MI,Milano,Lombardia
5662,V.le Monza,325,20126,Milano,MI,Milano,Lombardia
5663,Viale Monza,325,20126,Milano,MI,Milano,Lombardia
5664,Via Cinque Maggio,1,20157,Milano,MI,Milano,Lombardia
5665,Via Cinque Maggio,1,20157,Milano,MI,Milano,Lombardia
5666,Via Candiani,122,20158,Milano,MI,Milano,Lombardia
5667,Corso Sempione,5,20145,Milano,MI,Milano,Lombardia
5668,Corso Sempione,5,20145,Milano,MI,Milano,Lombardia
5669,Corso Sempione,5,20145,Milano,MI,Milano,Lombardia
5670,Corso Sempione,5,20145,Milano,MI,Milano,Lombardia
5671,C.so Sempione,5,20145,Milano,MI,Milano,Lombardia
5672,Via Primaticcio,217,20147,Milano,MI,Milano,Lombardia
5673,Via Primaticcio,217,20147,Milano,MI,Milano,Lombardia
5674,Via Primaticcio,217,20147,Milano,MI,Milano,Lombardia
5675,Via Primaticcio,96,20147,Milano,MI,Milano,Lombardia
5676,Via Primaticcio,96,20147,Milano,MI,Milano,Lombardia
5677,Via Primaticcio,96,20147,Milano,MI,Milano,Lombardia
5678,Via Primaticcio,96,20147,Milano,MI,Milano,Lombardia
5679,Via Primaticcio,96,20147,Milano,MI,Milano,Lombardia
5680,Via Marghera,18,20149,Milano,MI,Milano,Lombardia
5681,Via Marghera,18,20149,Milano,MI,Milano,Lombardia
5682,Via Marghera,18,20149,Milano,MI,Milano,Lombardia
5683,Via Della Spiga,2,20121,Milano,MI,Milano,Lombardia
5684,Via Della Spiga,2,20121,Milano,MI,Milano,Lombardia
5685,Via Della Spiga,2,20121,Milano,MI,Milano,Lombardia
5686,Via E. Lussu,4,20128,Milano,MI,Milano,Lombardia
5687,C.so Lodi,62,20139,Milano,MI,Milano,Lombardia
5688,Corso Lodi,62,20139,Milano,MI,Milano,Lombardia
5689,Via Mario Pichi,9,20149,Milano,MI,Milano,Lombardia
5690,Via Mario Pichi,9,20149,Milano,MI,Milano,Lombardia
5691,Via Mario Pichi,9,20143,Milano,MI,Milano,Lombardia
5692,Piazzale Loreto,7,20131,Milano,MI,Milano,Lombardia
5693,Via Meda,37,20141,Milano,MI,Milano,Lombardia
5694,Via Meda,37,20141,Milano,MI,Milano,Lombardia
5695,Via Meda,37,20141,Milano,MI,Milano,Lombardia
5696,V.le Caterina Da Forli',3,20146,Milano,MI,Milano,Lombardia
5697,V.le Caterina Da Forli',7,20146,Milano,MI,Milano,Lombardia
5698,P.za Costantino,1,20128,Milano,MI,Milano,Lombardia
5699,Piazza Costantino,1,20128,Milano,MI,Milano,Lombardia
5700,Viale Certosa,121,20151,Milano,MI,Milano,Lombardia
5701,Viale Certosa,121,20151,Milano,MI,Milano,Lombardia
5702,Via C. Dolci,6,20149,Milano,MI,Milano,Lombardia
5703,Via Caboto,9,20146,Milano,MI,Milano,Lombardia
5704,Via Caboto,9,20146,Milano,MI,Milano,Lombardia
5705,Via Etna,2,20146,Milano,MI,Milano,Lombardia
5706,Piazzale Martini,3,20137,Milano,MI,Milano,Lombardia
5707,Piazza Caiazzo,2,20124,Milano,MI,Milano,Lombardia
5708,P.za Caiazzo,2,20124,Milano,MI,Milano,Lombardia
5709,Piazza Caiazzo,2,20124,Milano,MI,Milano,Lombardia
5710,Via G.a. Amadeo,40,20133,Milano,MI,Milano,Lombardia
5711,Via G.a. Amadeo,40,20133,Milano,MI,Milano,Lombardia
5712,Via G.a. Amadeo,40,20133,Milano,MI,Milano,Lombardia
5713,Piazza Stuparich,4,20148,Milano,MI,Milano,Lombardia
5714,Piazza Stuparich,4 ang. Via F. Albani,20148,Milano,MI,Milano,Lombardia
5715,Via Edmondo De Amicis,51,20123,Milano,MI,Milano,Lombardia
5716,Via Ausonio,19,20123,Milano,MI,Milano,Lombardia
5717,Via G. Quarenghi,40/1,20151,Milano,MI,Milano,Lombardia
5718,Via G. Quarenghi,40/1,20151,Milano,MI,Milano,Lombardia
5719,Via Trivulzio,28,20147,Milano,MI,Milano,Lombardia
5720,P.za Fontana,6,20122,Milano,MI,Milano,Lombardia
5721,Corso Porta Romana,68,20122,Milano,MI,Milano,Lombardia
5722,Via Crocefisso,1,20122,Milano,MI,Milano,Lombardia
5723,Via Ugo Betti,42/D,20151,Milano,MI,Milano,Lombardia
5724,Via Ugo Betti,42/b,20151,Milano,MI,Milano,Lombardia
5725,Piazza Bolivar,11,20146,Milano,MI,Milano,Lombardia
5726,V.le S. Michele Carso,26,20144,Milano,MI,Milano,Lombardia
5727,Viale Coni Zugna,12,20144,Milano,MI,Milano,Lombardia
5728,C.so 22 Marzo,37,20129,Milano,MI,Milano,Lombardia
5729,Corso 22 Marzo,37,20129,Milano,MI,Milano,Lombardia
5730,Corso 22 Marzo,37,20129,Milano,MI,Milano,Lombardia
5731,Via Rovereto,14 Ang. Viale Monza,20127,Milano,MI,Milano,Lombardia
5732,Corso Indipendenza,14,20129,Milano,MI,Milano,Lombardia
5733,Via Falck,19/A,20151,Milano,MI,Milano,Lombardia
5734,Corso Monforte,19,20122,Milano,MI,Milano,Lombardia
5735,Galleria Felice Casati,32,20124,Milano,MI,Milano,Lombardia
5736,Via Lazzaretto,19,20124,Milano,MI,Milano,Lombardia
5737,Galleria Felice Casati,32,20124,Milano,MI,Milano,Lombardia
5738,Viale Abruzzi,23,20131,Milano,MI,Milano,Lombardia
5739,V.le Abruzzi,23,20131,Milano,MI,Milano,Lombardia
5740,C.so Di Porta Romana,126 ang. Via Vaina,20122,Milano,MI,Milano,Lombardia
5741,Corso Di Porta Romana,126 ang. Via Vaina,20122,Milano,MI,Milano,Lombardia
5742,Viale Umbria,19,20135,Milano,MI,Milano,Lombardia
5743,Via Mac Mahon,111,20155,Milano,MI,Milano,Lombardia
5744,Piazzale Archinto,1,20159,Milano,MI,Milano,Lombardia
5745,Via Ripamonti,15,20136,Milano,MI,Milano,Lombardia
5746,Via Nino Bixio,1,20129,Milano,MI,Milano,Lombardia
5747,Via Nino Bixio,1,20129,Milano,MI,Milano,Lombardia
5748,Via Nino Bixio,1,20129,Milano,MI,Milano,Lombardia
5749,P.za Gasparri,9,20161,Milano,MI,Milano,Lombardia
5750,Piazza Gasparri,9,20161,Milano,MI,Milano,Lombardia
5751,Via Medeghino,27,20141,Milano,MI,Milano,Lombardia
5752,Via Torino,48,20123,Milano,MI,Milano,Lombardia
5753,Via Torino,52,20123,Milano,MI,Milano,Lombardia
5754,Via Cordusio,2,20123,Milano,MI,Milano,Lombardia
5755,Via Cordusio,2,20123,Milano,MI,Milano,Lombardia
5756,Via Cordusio,2,20123,Milano,MI,Milano,Lombardia
5757,Via Cordusio,2,20123,Milano,MI,Milano,Lombardia
5758,Via  Inganni,81,20147,Milano,MI,Milano,Lombardia
5759,Via  Inganni,81,20147,Milano,MI,Milano,Lombardia
5760,Via Inganni,81,20147,Milano,MI,Milano,Lombardia
5761,Via Vitruvio,11,20124,Milano,MI,Milano,Lombardia
5762,Via Vitruvio,11,20124,Milano,MI,Milano,Lombardia
5763,Via Vitruvio,11,20124,Milano,MI,Milano,Lombardia
5764,Via Monti,56,20124,Milano,MI,Milano,Lombardia
5765,Via Vitruvio,11,20124,Milano,MI,Milano,Lombardia
5766,Viale Bligny,23/A,20136,Milano,MI,Milano,Lombardia
5767,Via Thaon Di Revel,12,20159,Milano,MI,Milano,Lombardia
5768,Via Thaon Di Revel,19,20159,Milano,MI,Milano,Lombardia
5769,Via P. Boifava,31/B,20142,Milano,MI,Milano,Lombardia
5770,Via P. Boifava,31/B,20142,Milano,MI,Milano,Lombardia
5771,Via Solferino,25,20121,Milano,MI,Milano,Lombardia
5772,Via Solferino,25,20121,Milano,MI,Milano,Lombardia
5773,Via Solferino,25,20121,Milano,MI,Milano,Lombardia
5774,Corso Lodi,19,20135,Milano,MI,Milano,Lombardia
5775,Via Viviani,2,20124,Milano,MI,Milano,Lombardia
5776,P.za Della Repubblica,32,20124,Milano,MI,Milano,Lombardia
5777,Piazza Della Repubblica,32,20124,Milano,MI,Milano,Lombardia
5778,Piazza Della Repubblica,32,20124,Milano,MI,Milano,Lombardia
5779,P.za Della Repubblica,32,20124,Milano,MI,Milano,Lombardia
5780,Via Lorenteggio,22,20146,Milano,MI,Milano,Lombardia
5781,Viale Monte Santo,12,20124,Milano,MI,Milano,Lombardia
5782,Viale Monte Santo,12,20124,Milano,MI,Milano,Lombardia
5783,Piazzale G. Rosa,11,20139,Milano,MI,Milano,Lombardia
5784,Via Signorelli,1,20154,Milano,MI,Milano,Lombardia
5785,Via Signorelli,1,20154,Milano,MI,Milano,Lombardia
5786,Via Paolo Sarpi,53,20154,Milano,MI,Milano,Lombardia
5787,Via Sarpi,53,20154,Milano,MI,Milano,Lombardia
5788,Via Sarpi,53,20154,Milano,MI,Milano,Lombardia
5789,Via Senato,2,20121,Milano,MI,Milano,Lombardia
5790,Via Senato,2,20121,Milano,MI,Milano,Lombardia
5791,Via Senato,2,20121,Milano,MI,Milano,Lombardia
5792,Via Senato,2,20121,Milano,MI,Milano,Lombardia
5793,Via L. Il Moro,3,20143,Milano,MI,Milano,Lombardia
5794,Via Grosotto,5 - angolo via Traiano,20149,Milano,MI,Milano,Lombardia
5795,Via Meravigli,12,20123,Milano,MI,Milano,Lombardia
5796,Via Meravigli,12,20123,Milano,MI,Milano,Lombardia
5797,Via Grosotto,5 - angolo via Traiano,20149,Milano,MI,Milano,Lombardia
5798,Viale Coni Zugna,43,20144,Milano,MI,Milano,Lombardia
5799,V.le Coni Zugna,43,20144,Milano,MI,Milano,Lombardia
5800,Viale Coni Zugna,43,20144,Milano,MI,Milano,Lombardia
5801,Via Forze Armate,4,20147,Milano,MI,Milano,Lombardia
5802,Via Nicolò Barabino,3,20139,Milano,MI,Milano,Lombardia
5803,Via Nicol Barabino,3,20139,Milano,MI,Milano,Lombardia
5804,Via Padova,109,20127,Milano,MI,Milano,Lombardia
5805,Corso Buenos Aires,36 angolo Via Broggi,20124,Milano,MI,Milano,Lombardia
5806,Piazza Vigili Del Fuoco,11,20134,Milano,MI,Milano,Lombardia
5807,Piazza Vigili Del Fuoco,11,20134,Milano,MI,Milano,Lombardia
5808,Corso Buenos Aires,36 angolo Via Broggi,20124,Milano,MI,Milano,Lombardia
5809,Via Mascheroni,16,20145,Milano,MI,Milano,Lombardia
5810,Via Mascheroni,16,20145,Milano,MI,Milano,Lombardia
5811,Viale Premuda,10,20129,Milano,MI,Milano,Lombardia
5812,Via Piacenza,24,20135,Milano,MI,Milano,Lombardia
5813,Via Piacenza,24,20135,Milano,MI,Milano,Lombardia
5814,Via Piacenza,24,20135,Milano,MI,Milano,Lombardia
5815,Via Piacenza,24,20135,Milano,MI,Milano,Lombardia
5816,Via Piacenza,24,20135,Milano,MI,Milano,Lombardia
5817,Via P. Della Francesca,38,20154,Milano,MI,Milano,Lombardia
5818,Via Arnaldo Da Brescia,1,20159,Milano,MI,Milano,Lombardia
5819,Via Arnaldo Da Brescia,1,20159,Milano,MI,Milano,Lombardia
5820,Via Pacini,72,20131,Milano,MI,Milano,Lombardia
5821,Via Pacini,70,20131,Milano,MI,Milano,Lombardia
5822,Via Pacini,70,20131,Milano,MI,Milano,Lombardia
5823,Viale Coni Zugna,56,20144,Milano,MI,Milano,Lombardia
5824,V.le Coni Zugna,56,20144,Milano,MI,Milano,Lombardia
5825,Viale Coni Zugna,56,20144,Milano,MI,Milano,Lombardia
5826,Piazza Miani,3,20143,Milano,MI,Milano,Lombardia
5827,Piazza Miani,3,20143,Milano,MI,Milano,Lombardia
5828,Piazza Miani,3,20143,Milano,MI,Milano,Lombardia
5829,Piazza Missori,3,20123,Milano,MI,Milano,Lombardia
5830,Via Pagliano,1/A,20149,Milano,MI,Milano,Lombardia
5831,Via Pagliano,1/A,20149,Milano,MI,Milano,Lombardia
5832,Via Pagliano,1/A,20149,Milano,MI,Milano,Lombardia
5833,C.so Buenos Aires,4,20124,Milano,MI,Milano,Lombardia
5834,Corso Buenos Aires,4,20124,Milano,MI,Milano,Lombardia
5835,Viale Lombardia,65,20131,Milano,MI,Milano,Lombardia
5836,Viale Lombardia,65,20131,Milano,MI,Milano,Lombardia
5837,Viale Lombardia,65,20131,Milano,MI,Milano,Lombardia
5838,Viale Lombardia,65,20131,Milano,MI,Milano,Lombardia
5839,Largo Promessi Sposi,4,20142,Milano,MI,Milano,Lombardia
5840,Via Renzo E Lucia,3,20142,Milano,MI,Milano,Lombardia
5841,Largo Promessi Sposi,4,20142,Milano,MI,Milano,Lombardia
5842,Largo Promessi Sposi,4,20142,Milano,MI,Milano,Lombardia
5843,Via Renzo E Lucia,3,20142,Milano,MI,Milano,Lombardia
5844,Via S. Calimero,1-Ang. C.so P.ta Romana,20122,Milano,MI,Milano,Lombardia
5845,Via S. Calimero,1-Ang. C.so P.ta Romana,20122,Milano,MI,Milano,Lombardia
5846,Via S. Calimero,1-Ang. C.so P.ta Romana,20122,Milano,MI,Milano,Lombardia
5847,Piazzale Oberdan,4,20129,Milano,MI,Milano,Lombardia
5848,P.le Oberdan,4,20129,Milano,MI,Milano,Lombardia
5849,Via F. Filzi,10,20124,Milano,MI,Milano,Lombardia
5850,Viale Monza,177,20126,Milano,MI,Milano,Lombardia
5851,Viale Monza,177,20126,Milano,MI,Milano,Lombardia
5852,Via Vitruvio,39,20124,Milano,MI,Milano,Lombardia
5853,Via Vitruvio,39,20124,Milano,MI,Milano,Lombardia
5854,Via Vitruvio,39,20124,Milano,MI,Milano,Lombardia
5855,Via Maiocchi,14,20129,Milano,MI,Milano,Lombardia
5856,Via Maiocchi,14,20129,Milano,MI,Milano,Lombardia
5857,Via Maiocchi,14,20129,Milano,MI,Milano,Lombardia
5858,Via Maiocchi,14,20129,Milano,MI,Milano,Lombardia
5859,P.za Lega Lombarda,5,20154,Milano,MI,Milano,Lombardia
5860,Piazza Lega Lombarda,5,20154,Milano,MI,Milano,Lombardia
5861,Via Raffaello Sanzio,2A,20149,Milano,MI,Milano,Lombardia
5862,Via Ripa Ticinese,99,20143,Milano,MI,Milano,Lombardia
5863,Via G. Modena,25,20129,Milano,MI,Milano,Lombardia
5864,Via G. Modena,25,20129,Milano,MI,Milano,Lombardia
5865,Via G. Modena,25,20129,Milano,MI,Milano,Lombardia
5866,Via G. Modena,25,20129,Milano,MI,Milano,Lombardia
5867,Via Delle Betulle,10,20152,Milano,MI,Milano,Lombardia
5868,Via Delle Betulle,10,20152,Milano,MI,Milano,Lombardia
5869,Via Delle Betulle,10,20152,Milano,MI,Milano,Lombardia
5870,Via Atene,2,20132,Milano,MI,Milano,Lombardia
5871,Via Atene,2 Ang. Via Padova,20132,Milano,MI,Milano,Lombardia
5872,Via Carlo Troja,11,20144,Milano,MI,Milano,Lombardia
5873,Piazzale Susa,6,20133,Milano,MI,Milano,Lombardia
5874,Via Crescenzago,36,20134,Milano,MI,Milano,Lombardia
5875,Via Crescenzago,36,20134,Milano,MI,Milano,Lombardia
5876,Via Crescenzago,36,20134,Milano,MI,Milano,Lombardia
5877,Via Varesina,121,20156,Milano,MI,Milano,Lombardia
5878,Viale Espinasse Carlo,172,20156,Milano,MI,Milano,Lombardia
5879,Via Varesina,121,20156,Milano,MI,Milano,Lombardia
5880,Via Grossich,11/15,20131,Milano,MI,Milano,Lombardia
5881,Via Ugo Betti,159/B,20151,Milano,MI,Milano,Lombardia
5882,Via Ugo Betti,159/B,20151,Milano,MI,Milano,Lombardia
5883,Via Ugo Betti,159/B,20151,Milano,MI,Milano,Lombardia
5884,Corso Genova,23,20123,Milano,MI,Milano,Lombardia
5885,Corso Genova,23,20123,Milano,MI,Milano,Lombardia
5886,Corso Genova,23,20123,Milano,MI,Milano,Lombardia
5887,Viale Fulvio Testi,90,20126,Milano,MI,Milano,Lombardia
5888,V.le Fulvio Testi,90,20126,Milano,MI,Milano,Lombardia
5889,Viale Fulvio Testi,90,20126,Milano,MI,Milano,Lombardia
5890,V.le Fulvio Testi,90,20126,Milano,MI,Milano,Lombardia
5891,Viale Fulvio Testi,90,20126,Milano,MI,Milano,Lombardia
5892,Via Ignazio Ciaia,3/a - 3/b,20158,Milano,MI,Milano,Lombardia
5893,V.le Monte Grappa,7,20124,Milano,MI,Milano,Lombardia
5894,Viale Monte Grappa,7,20124,Milano,MI,Milano,Lombardia
5895,Via La Spezia,20,20142,Milano,MI,Milano,Lombardia
5896,Via La Spezia,20,20142,Milano,MI,Milano,Lombardia
5897,Via La Spezia,20,20142,Milano,MI,Milano,Lombardia
5898,Via Bordighera,22,20142,Milano,MI,Milano,Lombardia
5899,Via Toscolano,1,20138,Milano,MI,Milano,Lombardia
5900,Via Fiori Oscuri,13,20121,Milano,MI,Milano,Lombardia
5901,Via Fiori Oscuri,13,20121,Milano,MI,Milano,Lombardia
5902,Via Fiori Oscuri,13,20121,Milano,MI,Milano,Lombardia
5903,Piazza Principessa Clotilde,1,20121,Milano,MI,Milano,Lombardia
5904,Piazza Principessa Clotilde,1,20121,Milano,MI,Milano,Lombardia
5905,P.zza Principessa Clotilde,1,20121,Milano,MI,Milano,Lombardia
5906,Piazza Principessa Clotilde,1,20121,Milano,MI,Milano,Lombardia
5907,Via Urbano Iii,2,20123,Milano,MI,Milano,Lombardia
5908,Corso P.ta Ticinese,24,20123,Milano,MI,Milano,Lombardia
5909,Corso Di Porta Ticinese,24,20123,Milano,MI,Milano,Lombardia
5910,Via Urbano Iii,2,20123,Milano,MI,Milano,Lombardia
5911,Corso Di Porta Ticinese,24,20123,Milano,MI,Milano,Lombardia
5912,Via Pergine,2,20148,Milano,MI,Milano,Lombardia
5913,V.le Lucania,6,20139,Milano,MI,Milano,Lombardia
5914,Viale Lucania,6,20139,Milano,MI,Milano,Lombardia
5915,Viale Lucania,6,20139,Milano,MI,Milano,Lombardia
5916,V.le Lucania,6,20139,Milano,MI,Milano,Lombardia
5917,Piazza Pompeo Castelli,14,20156,Milano,MI,Milano,Lombardia
5918,Piazza Pompeo Castelli,14,20156,Milano,MI,Milano,Lombardia
5919,P.za Pompeo Castelli,14,20156,Milano,MI,Milano,Lombardia
5920,Piazza Pompeo Castelli,14,20156,Milano,MI,Milano,Lombardia
5921,Piazza Selinunte,3,20147,Milano,MI,Milano,Lombardia
5922,Piazza Selinunte,4,20148,Milano,MI,Milano,Lombardia
5923,Piazza Selinunte,4,20148,Milano,MI,Milano,Lombardia
5924,Piazza Selinunte,3,20148,Milano,MI,Milano,Lombardia
5925,Via Cadore,29,20135,Milano,MI,Milano,Lombardia
5926,Via Cadore,29,20135,Milano,MI,Milano,Lombardia
5927,Via Poerio,28/A,20135,Milano,MI,Milano,Lombardia
5928,Via C. Menotti,18/21,20129,Milano,MI,Milano,Lombardia
5929,Via Giovanni Pezzotti,61,20141,Milano,MI,Milano,Lombardia
5930,Via Giovanni Pezzotti,61,20141,Milano,MI,Milano,Lombardia
5931,Via Giovanni Pezzotti,61,20141,Milano,MI,Milano,Lombardia
5932,Via Giovanni Pezzotti,61,20141,Milano,MI,Milano,Lombardia
5933,Via Parea,13,20138,Milano,MI,Milano,Lombardia
5934,Via Giacinto Serrati,12,20138,Milano,MI,Milano,Lombardia
5935,Via Spadari,13,20123,Milano,MI,Milano,Lombardia
5936,Via Spadari,13,20123,Milano,MI,Milano,Lombardia
5937,Via Spadari,13,20123,Milano,MI,Milano,Lombardia
5938,Via Rasori,2,20145,Milano,MI,Milano,Lombardia
5939,Via Lepontina,13,20159,Milano,MI,Milano,Lombardia
5940,Via Lepontina,13,20159,Milano,MI,Milano,Lombardia
5941,Via Giambellino,150,20147,Milano,MI,Milano,Lombardia
5942,Via Giambellino,150,20147,Milano,MI,Milano,Lombardia
5943,Largo Scalabrini,6,20146,Milano,MI,Milano,Lombardia
5944,Largo Scalabrini,6,20146,Milano,MI,Milano,Lombardia
5945,Largo Scalabrini,6,20146,Milano,MI,Milano,Lombardia
5946,Largo Scalabrini,6,20146,Milano,MI,Milano,Lombardia
5947,Largo Scalabrini,6,20146,Milano,MI,Milano,Lombardia
5948,Via Pordenone,1,20132,Milano,MI,Milano,Lombardia
5949,Via Pordenone,1,20132,Milano,MI,Milano,Lombardia
5950,Via Larga,16,20122,Milano,MI,Milano,Lombardia
5951,Via Larga,16,20122,Milano,MI,Milano,Lombardia
5952,Via Larga,16,20122,Milano,MI,Milano,Lombardia
5953,Via Larga,16,20122,Milano,MI,Milano,Lombardia
5954,Via San Paolo,7,20121,Milano,MI,Milano,Lombardia
5955,Via San Paolo,7,20121,Milano,MI,Milano,Lombardia
5956,Via Sabatino Lopez,3,20157,Milano,MI,Milano,Lombardia
5957,Via Sabatino Lopez,3,20157,Milano,MI,Milano,Lombardia
5958,Via Altamura,20,20148,Milano,MI,Milano,Lombardia
5959,Via Val Di Sole,22,20141,Milano,MI,Milano,Lombardia
5960,Via Val Di Sole,22,20141,Milano,MI,Milano,Lombardia
5961,Viale Ranzoni,2,20149,Milano,MI,Milano,Lombardia
5962,Viale Ranzoni,2,20149,Milano,MI,Milano,Lombardia
5963,Viale Ranzoni,2,20149,Milano,MI,Milano,Lombardia
5964,V.le Ranzoni,2,20149,Milano,MI,Milano,Lombardia
5965,V.le Ranzoni,2,20149,Milano,MI,Milano,Lombardia
5966,Via Rimini,29,20142,Milano,MI,Milano,Lombardia
5967,Via Rimini,29,20142,Milano,MI,Milano,Lombardia
5968,Via Rimini,29,20142,Milano,MI,Milano,Lombardia
5969,Via Rimini,29,20142,Milano,MI,Milano,Lombardia
5970,Via Gazzoletti,3,20157,Milano,MI,Milano,Lombardia
5971,Via Via Gazzoletti,3,20157,Milano,MI,Milano,Lombardia
5972,Via Gazzoletti,3,20157,Milano,MI,Milano,Lombardia
5973,Piazza Maciachini,24,20159,Milano,MI,Milano,Lombardia
5974,Via Palmanova,152,20132,Milano,MI,Milano,Lombardia
5975,Via M. De Angelis,15,20162,Milano,MI,Milano,Lombardia
5976,Via M. De Angelis,15,20162,Milano,MI,Milano,Lombardia
5977,Via Porpora,148,20131,Milano,MI,Milano,Lombardia
5978,Via Porpora,148,20131,Milano,MI,Milano,Lombardia
5979,Via Porpora,148,20131,Milano,MI,Milano,Lombardia
5980,Via Porpora,148,20131,Milano,MI,Milano,Lombardia
5981,Piazzale Cadorna,11,20123,Milano,MI,Milano,Lombardia
5982,Via Sansovino,1,20133,Milano,MI,Milano,Lombardia
5983,Via Sansovino,1,20133,Milano,MI,Milano,Lombardia
5984,Via Sansovino,1,20133,Milano,MI,Milano,Lombardia
5985,Via F.lli Fraschini,8,20142,Milano,MI,Milano,Lombardia
5986,Via F.lli Fraschini,8,20142,Milano,MI,Milano,Lombardia
5987,Via Pellegrino Rossi,44,20161,Milano,MI,Milano,Lombardia
5988,Via Anfossi,9,20135,Milano,MI,Milano,Lombardia
5989,Via Anfossi,9,20135,Milano,MI,Milano,Lombardia
5990,V.le Brianza,23,20127,Milano,MI,Milano,Lombardia
5991,Viale Brianza,23,20127,Milano,MI,Milano,Lombardia
5992,V.le Brianza,23,20127,Milano,MI,Milano,Lombardia
5993,Via Canonica,32,20154,Milano,MI,Milano,Lombardia
5994,Via Principe Eugenio,19,20155,Milano,MI,Milano,Lombardia
5995,Via Principe Eugenio,19,20155,Milano,MI,Milano,Lombardia
5996,Via Vigevano,45,20144,Milano,MI,Milano,Lombardia
5997,Via Vigevano,45,20144,Milano,MI,Milano,Lombardia
5998,Via Bergognone,31,20144,Milano,MI,Milano,Lombardia
5999,Via Bergognone,31,20144,Milano,MI,Milano,Lombardia
33256,Viale Ungheria,4,20138,Milano,MI,Milano,Lombardia
33976,Via Del Liri,1/3,20138,Milano,MI,Milano,Lombardia
34472,Via Porro Lambertenghi,34,20159,Milano,MI,Milano,Lombardia
34473,Via Porro Lambertenghi,34,20159,Milano,MI,Milano,Lombardia
34474,Via Porro Lambertenghi,34,20159,Milano,MI,Milano,Lombardia
34475,Via Porro Lambertenghi,34,20159,Milano,MI,Milano,Lombardia
35539,Via Bonfadini,87,20138,Milano,MI,Milano,Lombardia
35987,Via Calderini,3,20123,Milano,MI,Milano,Lombardia
35988,Via Calderini,3,20123,Milano,MI,Milano,Lombardia
36397,Via Bari,11/A,20143,Milano,MI,Milano,Lombardia
36398,Via Bari,11/a,20143,Milano,MI,Milano,Lombardia
36399,Via Bari,11/A,20143,Milano,MI,Milano,Lombardia
36418,Via San Bernardo,2,20142,Milano,MI,Milano,Lombardia
37018,Via Vittor Pisani,12,20123,Milano,MI,Milano,Lombardia
