,address,house_number,cap,municipality,province_code,province,region
16334,Via G. Branca,62,153,Roma,RM,Roma,Lazio
16335,Via G. Branca,62,153,Roma,RM,Roma,Lazio
16336,Via Tagliamento,58/60,198,Roma,RM,Roma,Lazio
16337,Via Tagliamento,58/60,192,Roma,RM,Roma,Lazio
16338,Via Dei Serpenti,177,184,Roma,RM,Roma,Lazio
16339,Via Dei Serpenti,177,184,Roma,RM,Roma,Lazio
16340,Piazza San Bartolomeo All'isola,39,186,Roma,RM,Roma,Lazio
16341,Isola Tiberina,39,186,Roma,RM,Roma,Lazio
16342,Isola Tiberina,39,186,Roma,RM,Roma,Lazio
16343,Piazza San Cosimato,34-35 (Mercato),153,Roma,RM,Roma,Lazio
16344,Piazza San Cosimato,34-35 (Mercato),153,Roma,RM,Roma,Lazio
16345,Piazza San Cosimato,34-35 (Mercato),153,Roma,RM,Roma,Lazio
16346,Via Roma Libera,34,153,Roma,RM,Roma,Lazio
16347,Via Nazionale,228,184,Roma,RM,Roma,Lazio
16348,Via Nazionale,228,184,Roma,RM,Roma,Lazio
16349,Via Nazionale,228,184,Roma,RM,Roma,Lazio
16350,Via S. Gallicano,23,153,Roma,RM,Roma,Lazio
16351,Via S. Gallicano,23,153,Roma,RM,Roma,Lazio
16352,Via Del Corso,498,186,Roma,RM,Roma,Lazio
16353,Via Del Corso,498,186,Roma,RM,Roma,Lazio
16354,Via Del Gambero,13 A,187,Roma,RM,Roma,Lazio
16355,Via Della Vite,1/A,187,Roma,RM,Roma,Lazio
16356,Via Del Gambero,13 A,187,Roma,RM,Roma,Lazio
16357,Via Del Gambero,13 A,187,Roma,RM,Roma,Lazio
16358,Via Del Gambero,13 A,187,Roma,RM,Roma,Lazio
16359,Via Del Gambero,13 A,187,Roma,RM,Roma,Lazio
16360,Via Gargano,50,141,Roma,RM,Roma,Lazio
16361,Via Gargano,50,141,Roma,RM,Roma,Lazio
16362,Via Gargano,50,141,Roma,RM,Roma,Lazio
16363,Piazza San Lorenzo In Lucina,27,186,Roma,RM,Roma,Lazio
16364,Piazza S. Lorenzo In Lucina,27,186,Roma,RM,Roma,Lazio
16365,P.za S. Lorenzo In Lucina,27,186,Roma,RM,Roma,Lazio
16366,Piazza Lecce,13/14,161,Roma,RM,Roma,Lazio
16367,Piazza Lecce,13/14,161,Roma,RM,Roma,Lazio
16368,Piazza Lecce,13/14,161,Roma,RM,Roma,Lazio
16369,Piazza Lecce,13/14,161,Roma,RM,Roma,Lazio
16370,Via Pantelleria,13,141,Roma,RM,Roma,Lazio
16371,Via Pantelleria,13,141,Roma,RM,Roma,Lazio
16372,Viale Jonio,353,141,Roma,RM,Roma,Lazio
16373,Viale Jonio,353,141,Roma,RM,Roma,Lazio
16374,Via Pantelleria,13,141,Roma,RM,Roma,Lazio
16375,Via Pantelleria,13,141,Roma,RM,Roma,Lazio
16376,Via Di Capo Le Case,47,187,Roma,RM,Roma,Lazio
16377,Piazza Santiago Del Cile,23,197,Roma,RM,Roma,Lazio
16378,Viale Parioli,78/80,197,Roma,RM,Roma,Lazio
16379,Piazza Santiago Del Cile,23,197,Roma,RM,Roma,Lazio
16380,V.le Parioli,78/80,197,Roma,RM,Roma,Lazio
16381,V.le Regina Margherita,221/223,198,Roma,RM,Roma,Lazio
16382,V.le Regina Margherita,221/223,198,Roma,RM,Roma,Lazio
16383,Viale Regina Margherita,221/223,198,Roma,RM,Roma,Lazio
16384,Via Rapagnano,2,138,Roma,RM,Roma,Lazio
16385,Via G.b. Morgagni,30/C-30/D,161,Roma,RM,Roma,Lazio
16386,Via G.b. Morgagni,30,161,Roma,RM,Roma,Lazio
16387,Via G.b. Morgagni,30,161,Roma,RM,Roma,Lazio
16388,Piazza Di Trevi,89,187,Roma,RM,Roma,Lazio
16389,Piazza Di Trevi,89,187,Roma,RM,Roma,Lazio
16390,Via Migiurtina,43/45,199,Roma,RM,Roma,Lazio
16391,Via Migiurtina,43/45,199,Roma,RM,Roma,Lazio
16392,Via Libia,225-227,199,Roma,RM,Roma,Lazio
16393,Via Libia,225-227,199,Roma,RM,Roma,Lazio
16394,Via Libia,225-227,199,Roma,RM,Roma,Lazio
16395,Via Ettore Romagnoli,76/78,137,Roma,RM,Roma,Lazio
16396,Via Montaione,68/70,139,Roma,RM,Roma,Lazio
16397,Via Montaione,68/70,139,Roma,RM,Roma,Lazio
16398,Via Montaione,68/70,139,Roma,RM,Roma,Lazio
16399,Via Montaione,68/70,139,Roma,RM,Roma,Lazio
16400,Via Val Di Non,10,141,Roma,RM,Roma,Lazio
16401,Via Val Di Non,10,141,Roma,RM,Roma,Lazio
16402,Via Val Di Non,10,141,Roma,RM,Roma,Lazio
16403,Largo Arenula,36,186,Roma,RM,Roma,Lazio
16404,Largo Arenula,36,186,Roma,RM,Roma,Lazio
16405,Via Aurelia,30,1014,Roma,RM,Roma,Lazio
16406,Largo Arenula,36,186,Roma,RM,Roma,Lazio
16407,Via S. Francesco A Ripa,131,153,Roma,RM,Roma,Lazio
16408,Via S. Francesco A Ripa,131,153,Roma,RM,Roma,Lazio
16409,Via S. Francesco A Ripa,131,153,Roma,RM,Roma,Lazio
16410,Via S. Francesco A Ripa,131,153,Roma,RM,Roma,Lazio
16411,Via D. Morichini,24/26,161,Roma,RM,Roma,Lazio
16412,Via D. Morichini,24/26,161,Roma,RM,Roma,Lazio
16413,Via D. Morichini,24/26,161,Roma,RM,Roma,Lazio
16414,Via S. Croce In Gerusalemme,22,185,Roma,RM,Roma,Lazio
16415,Via S. Croce In Gerusalemme,22/A,185,Roma,RM,Roma,Lazio
16416,Via S. Croce In Gerusalemme,22/A,185,Roma,RM,Roma,Lazio
16417,Via Radicofani,206/a (B.ta Fidene),138,Roma,RM,Roma,Lazio
16418,Via Radicofani,206/a (B.ta Fidene),138,Roma,RM,Roma,Lazio
16419,Viale Aventino,78,153,Roma,RM,Roma,Lazio
16420,Viale Somalia,84 (Ang. Via Villa Chigi),199,Roma,RM,Roma,Lazio
16421,Viale Somalia,84 (Ang. Via Villa Chigi),199,Roma,RM,Roma,Lazio
16422,Viale Somalia,84 (Ang. Via Villa Chigi),199,Roma,RM,Roma,Lazio
16423,Viale Somalia,84 (Ang. Via Villa Chigi),199,Roma,RM,Roma,Lazio
16424,Via Priscilla,77/79,199,Roma,RM,Roma,Lazio
16425,Via Priscilla,79,199,Roma,RM,Roma,Lazio
16426,Via Priscilla,77/79,199,Roma,RM,Roma,Lazio
16427,Via G.antamoro,86/b,137,Roma,RM,Roma,Lazio
16428,Viale Xxi Aprile,31,162,Roma,RM,Roma,Lazio
16429,Viale Xxi Aprile,31,162,Roma,RM,Roma,Lazio
16430,Viale Xxi Aprile,31,162,Roma,RM,Roma,Lazio
16431,Via G. Pacini,15,198,Roma,RM,Roma,Lazio
16432,Via G. Pacini,15,198,Roma,RM,Roma,Lazio
16433,Via Nomentana Nuova,61/63,141,Roma,RM,Roma,Lazio
16434,Via Gaverina,14,166,Roma,RM,Roma,Lazio
16435,Via Nomentana Nuova,61/63,141,Roma,RM,Roma,Lazio
16436,Via C. Fracassini,26,196,Roma,RM,Roma,Lazio
16437,Via C. Fracassini,26,196,Roma,RM,Roma,Lazio
16438,Via C. Fracassini,26,196,Roma,RM,Roma,Lazio
16439,Piazzale Ionio,46,141,Roma,RM,Roma,Lazio
16440,Piazzale Ionio,51/52,141,Roma,RM,Roma,Lazio
16441,P.le Ionio,51/52,141,Roma,RM,Roma,Lazio
16442,Viale Viale Delle Provincie,66/68/70/72,162,Roma,RM,Roma,Lazio
16443,Viale Delle Provincie,66,162,Roma,RM,Roma,Lazio
16444,Viale Delle Provincie,66,162,Roma,RM,Roma,Lazio
16445,Via Della Croce,11,187,Roma,RM,Roma,Lazio
16446,Via Della Croce,11,187,Roma,RM,Roma,Lazio
16447,Via Della Croce,11,187,Roma,RM,Roma,Lazio
16448,Via Della Croce,11,187,Roma,RM,Roma,Lazio
16449,Via Val Sassina,36,141,Roma,RM,Roma,Lazio
16450,Via Val Sassina,36,141,Roma,RM,Roma,Lazio
16451,Via Cimone,119/a,141,Roma,RM,Roma,Lazio
16452,Via Cimone,119/a,141,Roma,RM,Roma,Lazio
16453,Via Cimone,119/a,141,Roma,RM,Roma,Lazio
16454,Via Val Di Fassa,40/42,141,Roma,RM,Roma,Lazio
16455,Via Val Di Fassa,40/42,141,Roma,RM,Roma,Lazio
16456,Via Val Di Fassa,40/42,141,Roma,RM,Roma,Lazio
16457,Via Val Di Fassa,40/42,141,Roma,RM,Roma,Lazio
16458,Corso Sempione,16,141,Roma,RM,Roma,Lazio
16459,P.za Manfredo Fanti,36/37,185,Roma,RM,Roma,Lazio
16460,Piazza Manfredo Fanti,36/37,185,Roma,RM,Roma,Lazio
16461,Piazza Manfredo Fanti,36/37,185,Roma,RM,Roma,Lazio
16462,Piazza Testaccio,8,153,Roma,RM,Roma,Lazio
16463,Piazza Testaccio,48,153,Roma,RM,Roma,Lazio
16464,Via Valmelaina,151,139,Roma,RM,Roma,Lazio
16465,Valle Melania,151,139,Roma,RM,Roma,Lazio
16466,Via Di Valle Melania,151,139,Roma,RM,Roma,Lazio
16467,Valle Melania,151,139,Roma,RM,Roma,Lazio
16468,Via Valmelaina,151,139,Roma,RM,Roma,Lazio
16469,Via Andersen,50,168,Roma,RM,Roma,Lazio
16470,Via Andersen,50,168,Roma,RM,Roma,Lazio
16471,Via Andersen,50,168,Roma,RM,Roma,Lazio
16472,Via Dei Sabelli,84,185,Roma,RM,Roma,Lazio
16473,Via F. A. Gualterio,50/c,139,Roma,RM,Roma,Lazio
16474,Piazza Benedetto Cairoli,5,186,Roma,RM,Roma,Lazio
16475,Piazza Benedetto Cairoli,5,186,Roma,RM,Roma,Lazio
16476,Piazza B. Cairoli,5,186,Roma,RM,Roma,Lazio
16477,P.za B. Cairoli,5,186,Roma,RM,Roma,Lazio
16478,Via Magliano Sabina,25,199,Roma,RM,Roma,Lazio
16479,Via Magliano Sabina,25,199,Roma,RM,Roma,Lazio
16480,Via Pacchiarotti,34,139,Roma,RM,Roma,Lazio
16481,Via Pacchiarotti,34,139,Roma,RM,Roma,Lazio
16482,Piazza Massa Carrara,9,162,Roma,RM,Roma,Lazio
16483,Piazza Massa Carrara,10,162,Roma,RM,Roma,Lazio
16484,Piazza Massa Carrara,9,162,Roma,RM,Roma,Lazio
16485,P.za Massa Carrara,10,162,Roma,RM,Roma,Lazio
16486,Piazza Massa Carrara,10,162,Roma,RM,Roma,Lazio
16487,Via Celimontana,9/a,184,Roma,RM,Roma,Lazio
16488,Via Celimontana,9/a,184,Roma,RM,Roma,Lazio
16489,Via Celimontana,9/a,184,Roma,RM,Roma,Lazio
16490,Via Celimontana,9/a,184,Roma,RM,Roma,Lazio
16491,Via Nomentana,451,162,Roma,RM,Roma,Lazio
16492,Via Tripoli,145/B,199,Roma,RM,Roma,Lazio
16493,Via Tripoli,155/c,199,Roma,RM,Roma,Lazio
16494,Via Vezio Crisafulli,8,166,Roma,RM,Roma,Lazio
16495,Via Vezio Crisafulli,2/8,166,Roma,RM,Roma,Lazio
16496,Via Vezio Crisafulli,2/8,166,Roma,RM,Roma,Lazio
16497,Via Nomentana,564-566,141,Roma,RM,Roma,Lazio
16498,Via Nomentana,564,141,Roma,RM,Roma,Lazio
16499,Via Nomentana,564-566,141,Roma,RM,Roma,Lazio
16500,Via Anapo,38/40,199,Roma,RM,Roma,Lazio
16501,Via Anapo,38/40,199,Roma,RM,Roma,Lazio
16502,Via Fezzan,16/18,199,Roma,RM,Roma,Lazio
16503,Via Fezzan,16/18,199,Roma,RM,Roma,Lazio
16504,Via Fezzan,16/18,199,Roma,RM,Roma,Lazio
16505,Via Fezzan,16/18,199,Roma,RM,Roma,Lazio
16506,Via Fezzan,16/18,199,Roma,RM,Roma,Lazio
16507,Via Banchi Vecchi,24,186,Roma,RM,Roma,Lazio
16508,Via Banchi Vecchi,24,186,Roma,RM,Roma,Lazio
16509,Via Banchi Vecchi,24,186,Roma,RM,Roma,Lazio
16510,Via Banchi Vecchi,24,186,Roma,RM,Roma,Lazio
16511,Via Banchi Vecchi,24,186,Roma,RM,Roma,Lazio
16512,Via Banchi Vecchi,24,186,Roma,RM,Roma,Lazio
16513,Via Della Lucchina,131/A,135,Roma,RM,Roma,Lazio
16514,Via Castelfidardo,37,185,Roma,RM,Roma,Lazio
16515,Via Salaria,1492/B,138,Roma,RM,Roma,Lazio
16516,Via Salaria,1492/B,138,Roma,RM,Roma,Lazio
16517,Via Emanuele Filiberto,145,185,Roma,RM,Roma,Lazio
16518,Via Emanuele Filiberto,145,185,Roma,RM,Roma,Lazio
16519,Via Emanuele Filiberto,145,185,Roma,RM,Roma,Lazio
16520,Via Emanuele Filiberto,145,185,Roma,RM,Roma,Lazio
16521,Via Emanuele Filiberto,145,185,Roma,RM,Roma,Lazio
16522,Corso Trieste,167,198,Roma,RM,Roma,Lazio
16523,Piazza Conca D'oro,34/37,141,Roma,RM,Roma,Lazio
16524,Piazza Conca D'oro,34/36,141,Roma,RM,Roma,Lazio
16525,Viale Somalia,235,199,Roma,RM,Roma,Lazio
16526,Viale Somalia,235,199,Roma,RM,Roma,Lazio
16527,Via R. Lanciani,55,162,Roma,RM,Roma,Lazio
16528,Piazza Istria,8,198,Roma,RM,Roma,Lazio
16529,Piazza Istria,8,198,Roma,RM,Roma,Lazio
16530,Piazza Istria,8,198,Roma,RM,Roma,Lazio
16531,Via Milano,54,184,Roma,RM,Roma,Lazio
16532,Via Ugo Ojetti,102,137,Roma,RM,Roma,Lazio
16533,Via Ugo Ojetti,102,137,Roma,RM,Roma,Lazio
16534,Corso Vittorio Emanuele,343,186,Roma,RM,Roma,Lazio
16535,Piazza Pasquale Paoli,6,186,Roma,RM,Roma,Lazio
16536,Corso Vittorio Emanuele,343,186,Roma,RM,Roma,Lazio
16537,Via G. Caneva,15-17,142,Roma,RM,Roma,Lazio
16538,Piazza Monte Gennaro,17/C,139,Roma,RM,Roma,Lazio
16539,Piazza Monte Gennaro,17/C,139,Roma,RM,Roma,Lazio
16540,Viale Xi Aprile,42-42a,162,Roma,RM,Roma,Lazio
16541,V.le Xi Aprile,42-42a,162,Roma,RM,Roma,Lazio
16542,Viale Xi Aprile,42-42a,162,Roma,RM,Roma,Lazio
16543,Piazza Capranica,96,186,Roma,RM,Roma,Lazio
16544,Via Monte Sirino,10,139,Roma,RM,Roma,Lazio
16545,Via Arenula,73,186,Roma,RM,Roma,Lazio
16546,Viale Regina Margherita,61/63,198,Roma,RM,Roma,Lazio
16547,Viale Regina Margherita,61/63,198,Roma,RM,Roma,Lazio
16548,Viale Pinturicchio,19/A,196,Roma,RM,Roma,Lazio
16549,Viale Jonio,235,141,Roma,RM,Roma,Lazio
16550,Via Monte Cervialto,205,139,Roma,RM,Roma,Lazio
16551,Via Monte Cervialto,205,139,Roma,RM,Roma,Lazio
16552,Via Monte Cervialto,205,139,Roma,RM,Roma,Lazio
16553,Via Flaminia,5/7,196,Roma,RM,Roma,Lazio
16554,Via Flaminia,5/7,196,Roma,RM,Roma,Lazio
16555,Via Flaminia,5/7,196,Roma,RM,Roma,Lazio
16556,Via Pannini,37,196,Roma,RM,Roma,Lazio
16557,Via Pannini,37,196,Roma,RM,Roma,Lazio
16558,Via Pannini,37,196,Roma,RM,Roma,Lazio
16559,Via Pannini,37,196,Roma,RM,Roma,Lazio
16560,Corso Italia,100,198,Roma,RM,Roma,Lazio
16561,Corso Italia,100,198,Roma,RM,Roma,Lazio
16562,Corso Italia,100,198,Roma,RM,Roma,Lazio
16563,Piazzale Provincie,8/a,162,Roma,RM,Roma,Lazio
16564,P.le Provincie,8/a,162,Roma,RM,Roma,Lazio
16565,Via G. Boccomini,25,139,Roma,RM,Roma,Lazio
16566,Via M. Di Lando,84,162,Roma,RM,Roma,Lazio
16567,Piazzaledella Stazione Tiburtina,1,162,Roma,RM,Roma,Lazio
16568,Via M. Di Lando,84,162,Roma,RM,Roma,Lazio
16569,Piazzale Della Stazione Tiburtina,1,162,Roma,RM,Roma,Lazio
16570,Piazzale Della Stazione Tiburtina,1,162,Roma,RM,Roma,Lazio
16571,Via M. Di Lando,84,162,Roma,RM,Roma,Lazio
16572,Viale Trastevere,80/f,153,Roma,RM,Roma,Lazio
16573,Viale Trastevere,80/f,153,Roma,RM,Roma,Lazio
16575,Viale Rossini,70/72,198,Roma,RM,Roma,Lazio
16576,Via G. Ciaralli,13,156,Roma,RM,Roma,Lazio
16577,Via Bulgaria,35,196,Roma,RM,Roma,Lazio
16578,Via Bulgaria,35,196,Roma,RM,Roma,Lazio
16579,Via Bulgaria,35,196,Roma,RM,Roma,Lazio
16580,Largo Bargellini,35,142,Roma,RM,Roma,Lazio
16581,Largo Bargellini,35,142,Roma,RM,Roma,Lazio
16582,Via Ripetta,254-255,186,Roma,RM,Roma,Lazio
16583,Viale Val Padana,73,141,Roma,RM,Roma,Lazio
16584,Viale Val Padana,73,141,Roma,RM,Roma,Lazio
16585,Via Barberini,63,187,Roma,RM,Roma,Lazio
16586,Via S. Nicola Da Tolentino,10/12,187,Roma,RM,Roma,Lazio
16587,Via S. Nicola Da Tolentino,10/12,187,Roma,RM,Roma,Lazio
16588,Via Barberini,58,187,Roma,RM,Roma,Lazio
16589,Via Barberini,58,187,Roma,RM,Roma,Lazio
16590,Via Dei Sardi,29,185,Roma,RM,Roma,Lazio
16591,Via Dei Sardi,29,185,Roma,RM,Roma,Lazio
16592,Via Dei Sardi,29,185,Roma,RM,Roma,Lazio
16593,Via Dei Sardi,29,185,Roma,RM,Roma,Lazio
16594,Via Dei Sardi,29,185,Roma,RM,Roma,Lazio
16595,Via Dei Campi Flegrei,11,141,Roma,RM,Roma,Lazio
16596,Via Dei Campi Flegrei,11,141,Roma,RM,Roma,Lazio
16597,Viale Marco Polo,35,154,Roma,RM,Roma,Lazio
16598,Viale Marco Polo,35,154,Roma,RM,Roma,Lazio
16599,Via Radicofani,147,138,Roma,RM,Roma,Lazio
16600,Via F. D' Ovidio,95/a,137,Roma,RM,Roma,Lazio
16601,Via Ugo Ojetti,412/a,179,Roma,RM,Roma,Lazio
16602,Via F. D' Ovidio,95/a,137,Roma,RM,Roma,Lazio
16603,Via Ugo Ojetti,412/a,137,Roma,RM,Roma,Lazio
16604,Corso Vittorio Emanuele,36,186,Roma,RM,Roma,Lazio
16605,Via Val Di Cogne,4,141,Roma,RM,Roma,Lazio
16606,Via Isole Curzolane,172/A,139,Roma,RM,Roma,Lazio
16607,Via Isole Curzolane,172/A,139,Roma,RM,Roma,Lazio
16608,Via Isole Curzolane,156,139,Roma,RM,Roma,Lazio
16609,Via Dei Prati Fiscali,278,141,Roma,RM,Roma,Lazio
16610,Via Dei Prati Fiscali,278,141,Roma,RM,Roma,Lazio
16611,Via Dei Prati Fiscali,278,141,Roma,RM,Roma,Lazio
16612,Via Dei Prati Fiscali,278,141,Roma,RM,Roma,Lazio
16613,Via Dei Prati Fiscali,278,141,Roma,RM,Roma,Lazio
16614,Via Dei Prati Fiscali,278,141,Roma,RM,Roma,Lazio
16615,Via A. Valenzani,20,187,Roma,RM,Roma,Lazio
16616,Viale Eritrea,32 a,199,Roma,RM,Roma,Lazio
16617,Via Chelini,34 (Piazza Euclide),197,Roma,RM,Roma,Lazio
16618,Via Chelini,34 (Piazza Euclide),197,Roma,RM,Roma,Lazio
16619,Via Chelini,34,197,Roma,RM,Roma,Lazio
16620,Via Chelini,34,197,Roma,RM,Roma,Lazio
16621,Piazza Sonnino,47,153,Roma,RM,Roma,Lazio
16622,Piazza Bologna,19/20,162,Roma,RM,Roma,Lazio
16623,Piazza Bologna,19/20,162,Roma,RM,Roma,Lazio
16624,Piazza Bologna,19/20,162,Roma,RM,Roma,Lazio
16625,Via Tor Millina,6,186,Roma,RM,Roma,Lazio
16626,Via Di Tor Millina,6,186,Roma,RM,Roma,Lazio
16627,Via Tor Millina,6,186,Roma,RM,Roma,Lazio
16628,Via Tor Millina,6,186,Roma,RM,Roma,Lazio
16629,Piazza Dell'ateneo Salesiano,48,139,Roma,RM,Roma,Lazio
16630,Piazza Dell'ateneo Salesiano,48,139,Roma,RM,Roma,Lazio
16631,Piazza Dell'ateneo Salesiano,48,139,Roma,RM,Roma,Lazio
16632,Piazza Di Spagna,30,187,Roma,RM,Roma,Lazio
16633,Piazza Di Spagna,30,187,Roma,RM,Roma,Lazio
16634,Via Flaminia,115/117,196,Roma,RM,Roma,Lazio
16635,Via Flaminia,115/117,196,Roma,RM,Roma,Lazio
16636,Via M. B. Tosatti,39,137,Roma,RM,Roma,Lazio
16637,Viale Libia,114,199,Roma,RM,Roma,Lazio
16638,Via Gadames,36,199,Roma,RM,Roma,Lazio
16639,Viale Libia,114,199,Roma,RM,Roma,Lazio
16640,Via Urbana,11,184,Roma,RM,Roma,Lazio
16641,Via Cavour,88/90,184,Roma,RM,Roma,Lazio
16642,Via Urbana,11,184,Roma,RM,Roma,Lazio
16643,Via Urbana,11,184,Roma,RM,Roma,Lazio
16644,Via Lorenzo Il Magnifico,114/B,162,Roma,RM,Roma,Lazio
16645,Via Lorenzo Il Magnifico,114/B,162,Roma,RM,Roma,Lazio
16646,Via Q. Sella,28,187,Roma,RM,Roma,Lazio
16647,Via Q. Sella,28,187,Roma,RM,Roma,Lazio
16648,Via G. Ponzi,13,197,Roma,RM,Roma,Lazio
16649,Via Villa S. Filippo,18,197,Roma,RM,Roma,Lazio
16650,Piazza S. Maria In Trastevere,7,153,Roma,RM,Roma,Lazio
16651,Via Merulana,185/187,185,Roma,RM,Roma,Lazio
16652,Via A. Cabrini,32,139,Roma,RM,Roma,Lazio
16653,Via Marsala,29,185,Roma,RM,Roma,Lazio
16654,Via Marsala,29,185,Roma,RM,Roma,Lazio
16655,Via Marsala,29,185,Roma,RM,Roma,Lazio
16656,Piazza Della Scala,23,153,Roma,RM,Roma,Lazio
16657,Piazza Della Scala,23,153,Roma,RM,Roma,Lazio
16658,Piazza S. Maria Della Scala,23,153,Roma,RM,Roma,Lazio
16659,Piazza Della Scala,23,153,Roma,RM,Roma,Lazio
16660,Via Lorenzo Il Magnifico,60,162,Roma,RM,Roma,Lazio
16661,Via Lorenzo Il Magnifico,60,162,Roma,RM,Roma,Lazio
16662,Via Lorenzo Il Magnifico,60,162,Roma,RM,Roma,Lazio
16663,Via Gioberti,79,185,Roma,RM,Roma,Lazio
16664,Via E. Filiberto,35,185,Roma,RM,Roma,Lazio
16665,Via E. Filiberto,35,185,Roma,RM,Roma,Lazio
16666,Via E. Filiberto,28/30,185,Roma,RM,Roma,Lazio
16667,Via E. Filiberto,28/30,185,Roma,RM,Roma,Lazio
16668,Via E. Filiberto,35,185,Roma,RM,Roma,Lazio
16669,Via E. Filiberto,35,185,Roma,RM,Roma,Lazio
16670,Piazza Barberini,49,187,Roma,RM,Roma,Lazio
16671,Piazza Barberini,49,187,Roma,RM,Roma,Lazio
16672,Piazza Barberini,49,187,Roma,RM,Roma,Lazio
16673,Piazza Barberini,49,187,Roma,RM,Roma,Lazio
16674,Piazza Barberini,49,187,Roma,RM,Roma,Lazio
16675,Via Gramsci,1,197,Roma,RM,Roma,Lazio
16676,Via Gramsci,1,197,Roma,RM,Roma,Lazio
16677,Piazza Vittorio Emanuele,116,185,Roma,RM,Roma,Lazio
16678,Piazza Vittorio Emanuele,116,185,Roma,RM,Roma,Lazio
16679,Via Xx Settembre,98/B,187,Roma,RM,Roma,Lazio
16680,Via Xx Settembre,98/B,187,Roma,RM,Roma,Lazio
16681,Via Xx Settembre,25,187,Roma,RM,Roma,Lazio
16682,Via Xx Settembre,95/a,187,Roma,RM,Roma,Lazio
16683,Via San Daniele Del Friuli,snc,188,Roma,RM,Roma,Lazio
16684,Piazza Vittorio Emanuele Ii,46,185,Roma,RM,Roma,Lazio
16685,Piazza Vittorio Emanuele Ii,46,185,Roma,RM,Roma,Lazio
16686,Piazza Vittorio Emanuele Ii,46,185,Roma,RM,Roma,Lazio
16687,Via Marmorata,133/135,153,Roma,RM,Roma,Lazio
16688,Via Marmorata,133/135,153,Roma,RM,Roma,Lazio
16689,Via Giuseppe De Nava,27,139,Roma,RM,Roma,Lazio
16690,Via Giuseppe De Nava,9,139,Roma,RM,Roma,Lazio
16691,Piazza Crati,27,199,Roma,RM,Roma,Lazio
16692,Piazza Crati,27,199,Roma,RM,Roma,Lazio
16693,Via Livorno,27/a,162,Roma,RM,Roma,Lazio
16694,Via Livorno,27/a,162,Roma,RM,Roma,Lazio
16695,Via Bertoloni,5,197,Roma,RM,Roma,Lazio
16696,Via Bertoloni,5,197,Roma,RM,Roma,Lazio
16697,Via Bertoloni,5,197,Roma,RM,Roma,Lazio
16698,Via Bertoloni,5,197,Roma,RM,Roma,Lazio
16699,Via Amba Aradam,23 A,144,Roma,RM,Roma,Lazio
16700,Corso Trieste,6-8-8a,198,Roma,RM,Roma,Lazio
16701,Corso Trieste,29,198,Roma,RM,Roma,Lazio
16702,Corso Trieste,29,198,Roma,RM,Roma,Lazio
16703,Corso Trieste,78,198,Roma,RM,Roma,Lazio
16704,Via S. Martino Battaglia,10,185,Roma,RM,Roma,Lazio
16705,Via S. Martino Battaglia,10,185,Roma,RM,Roma,Lazio
16706,Via Del Tritone,16,187,Roma,RM,Roma,Lazio
16707,Piazza Farnese,42,186,Roma,RM,Roma,Lazio
16708,Viale Del Vignola,99/A/B/C,196,Roma,RM,Roma,Lazio
16709,Viale Del Vignola,99/A/B/C,196,Roma,RM,Roma,Lazio
16710,Viale Del Vignola,99,196,Roma,RM,Roma,Lazio
16711,Via Andrea Checci,19,137,Roma,RM,Roma,Lazio
16712,Via Andrea Checci,17/19,137,Roma,RM,Roma,Lazio
16713,Via Piemonte,95,187,Roma,RM,Roma,Lazio
16714,Via Piemonte,95,187,Roma,RM,Roma,Lazio
16715,Via Salaria,84/86/88,198,Roma,RM,Roma,Lazio
16716,Via Piramide Cestia,19/b,153,Roma,RM,Roma,Lazio
16717,Via Del Pozzetto,110,187,Roma,RM,Roma,Lazio
16718,Via Tiburtina,40,185,Roma,RM,Roma,Lazio
16719,Via Tiburtina,40,185,Roma,RM,Roma,Lazio
16720,Via Tiburtina,40,185,Roma,RM,Roma,Lazio
16721,Via Tiburtina,40,185,Roma,RM,Roma,Lazio
16722,Via Franco Sacchetti,93,137,Roma,RM,Roma,Lazio
16723,Via Franco Sacchetti,93,137,Roma,RM,Roma,Lazio
16724,Via Franco Sacchetti,93,137,Roma,RM,Roma,Lazio
16725,Via Gustavo Cacini,59,125,Roma,RM,Roma,Lazio
16726,Via Alessandria,101,198,Roma,RM,Roma,Lazio
16727,Largo Brancaccio,65/67,184,Roma,RM,Roma,Lazio
16728,Largo Brancaccio,65/67,184,Roma,RM,Roma,Lazio
16729,Via Lombardia,11,187,Roma,RM,Roma,Lazio
16730,Via Emilia,47,187,Roma,RM,Roma,Lazio
16731,Via Nomentana,939/R,137,Roma,RM,Roma,Lazio
16732,Via Po,37,198,Roma,RM,Roma,Lazio
16733,P.za Verbano,14,199,Roma,RM,Roma,Lazio
16734,Piazza Verbano,14,199,Roma,RM,Roma,Lazio
16735,Viale Gorizia,56/58,198,Roma,RM,Roma,Lazio
16736,Piazza Cardelli,6/A,186,Roma,RM,Roma,Lazio
16737,Piazza Cardelli,6/A,186,Roma,RM,Roma,Lazio
16738,Viale Adriatico,107/109,141,Roma,RM,Roma,Lazio
16739,Via Del Corso,242,186,Roma,RM,Roma,Lazio
16740,Vicolo Sciarra,61A/61B,186,Roma,RM,Roma,Lazio
16741,Via Del Corso,242,186,Roma,RM,Roma,Lazio
16742,Corso Rinascimento,50,186,Roma,RM,Roma,Lazio
16743,Via Dei Serpenti,125,184,Roma,RM,Roma,Lazio
16744,Via Dei Serpenti,125,184,Roma,RM,Roma,Lazio
16745,Viale Xxi Aprile,2e 2f,162,Roma,RM,Roma,Lazio
16746,Viale Xxi Aprile,2e 2f,162,Roma,RM,Roma,Lazio
16747,Viale Xxi Aprile,2e 2f,162,Roma,RM,Roma,Lazio
16748,Corso Vittorio Emanuele,174,186,Roma,RM,Roma,Lazio
16749,Piazza Della Chiesa Nuova,21/A,186,Roma,RM,Roma,Lazio
16750,Piazza Della Chiesa Nuova,21/A,186,Roma,RM,Roma,Lazio
16751,Piazza Della Chiesa Nuova,21/A,186,Roma,RM,Roma,Lazio
16753,Via Xx Settembre,47,187,Roma,RM,Roma,Lazio
16754,Via Xx Settembre,47,187,Roma,RM,Roma,Lazio
16755,Via Xx Settembre,47,187,Roma,RM,Roma,Lazio
16756,Via Xx Settembre,47,187,Roma,RM,Roma,Lazio
16757,Via Xx Settembre,47,187,Roma,RM,Roma,Lazio
16758,Via Xx Settembre,47,187,Roma,RM,Roma,Lazio
16759,Piazza Barberini,10,187,Roma,RM,Roma,Lazio
16760,Via Dei Mille,27,185,Roma,RM,Roma,Lazio
16761,Via Merulana,208,185,Roma,RM,Roma,Lazio
16762,Via Merulana,208,185,Roma,RM,Roma,Lazio
16763,Via Alessandro Torlonia,1/b,161,Roma,RM,Roma,Lazio
16764,Piazza Filattiera,6,139,Roma,RM,Roma,Lazio
16765,Piazza Filattiera,6,139,Roma,RM,Roma,Lazio
16766,Via Val Maira,11/13/15,141,Roma,RM,Roma,Lazio
16767,Via Salaria,288/a,199,Roma,RM,Roma,Lazio
16768,Via Isole Curzolane,31,139,Roma,RM,Roma,Lazio
16769,Via Isole Curzolane,31,139,Roma,RM,Roma,Lazio
16770,Via Principe Eugenio,53 - 55,185,Roma,RM,Roma,Lazio
16771,Via Principe Eugenio,56 - 58,185,Roma,RM,Roma,Lazio
16772,Via Nemorense,182,199,Roma,RM,Roma,Lazio
16773,V.le Tirreno,243,141,Roma,RM,Roma,Lazio
16774,Viale Tirreno,243,141,Roma,RM,Roma,Lazio
16775,Via Sant'angela Merici,69,162,Roma,RM,Roma,Lazio
16776,Via Sant'angela Merici,69,162,Roma,RM,Roma,Lazio
16777,Piazza Della Repubblica,67,185,Roma,RM,Roma,Lazio
16778,Piazza Della Repubblica,67,185,Roma,RM,Roma,Lazio
16779,Largo Andrea Berardi,1 - Ang. Via Petrocelli,173,Roma,RM,Roma,Lazio
16780,Largo Andrea Berardi,1 - Ang. Via Petrocelli,133,Roma,RM,Roma,Lazio
16781,Via Dello Statuto,35 a,185,Roma,RM,Roma,Lazio
16782,Via Dei Castani,168,172,Roma,RM,Roma,Lazio
16783,Piazza Dei Gerani,2,172,Roma,RM,Roma,Lazio
16784,Via Dei Castani,168,172,Roma,RM,Roma,Lazio
16785,Piazza Dei Gerani,2,172,Roma,RM,Roma,Lazio
16786,Piazza Dei Gerani,2,172,Roma,RM,Roma,Lazio
16787,Via Nomentana,25,161,Roma,RM,Roma,Lazio
16788,Via Nomentana,25,161,Roma,RM,Roma,Lazio
16789,Via G. Salvioli,5,175,Roma,RM,Roma,Lazio
16790,Via G. Salvioli,5,175,Roma,RM,Roma,Lazio
16791,Via G. Salvioli,5,175,Roma,RM,Roma,Lazio
16792,Via G. Salvioli,5,175,Roma,RM,Roma,Lazio
16793,Via G. Salvioli,5/7,175,Roma,RM,Roma,Lazio
16794,Via G. Salvioli,5,175,Roma,RM,Roma,Lazio
16795,Via Tommaso Salvini,47,197,Roma,RM,Roma,Lazio
16796,Via Marco Papio,35,175,Roma,RM,Roma,Lazio
16797,Via Marco Papio,41,175,Roma,RM,Roma,Lazio
16798,Via Marco Papio,41,175,Roma,RM,Roma,Lazio
16799,Via Ugento,44,171,Roma,RM,Roma,Lazio
16800,Via Cesare Maccari,312,125,Roma,RM,Roma,Lazio
16801,Via Del Calice,57,178,Roma,RM,Roma,Lazio
16802,Via Del Calice,57,178,Roma,RM,Roma,Lazio
16803,Via Del Calice,57,178,Roma,RM,Roma,Lazio
16804,Via E. Giglioli,69,169,Roma,RM,Roma,Lazio
16805,Via E. Giglioli,69,169,Roma,RM,Roma,Lazio
16806,Via E. Giglioli,69,169,Roma,RM,Roma,Lazio
16807,Via E. Giglioli,69,169,Roma,RM,Roma,Lazio
16808,Via E. Giglioli,69,169,Roma,RM,Roma,Lazio
16809,Via E. Giglioli,69,169,Roma,RM,Roma,Lazio
16810,Via Fiuminata,6/a,156,Roma,RM,Roma,Lazio
16811,Via Fiuminata,6/a,156,Roma,RM,Roma,Lazio
16812,Via Morrovalle,10/16,156,Roma,RM,Roma,Lazio
16813,Via Palmiro Togliatti,1501/a,155,Roma,RM,Roma,Lazio
16814,Via Tuscolana,1044/1046,174,Roma,RM,Roma,Lazio
16815,Piazza Dei Mirti,1,172,Roma,RM,Roma,Lazio
16816,Via Casilina,1756,133,Roma,RM,Roma,Lazio
16817,Via Casilina Km 16,900 (Ang. Via del Vermicino),133,Roma,RM,Roma,Lazio
16818,Via Burgio,1  (Ang. Via del Vermicino),133,Roma,RM,Roma,Lazio
16819,Via Casilina Km 16,900,133,Roma,RM,Roma,Lazio
16820,Via Burgio,1  (Ang. Via del Vermicino),133,Roma,RM,Roma,Lazio
16821,Via Casilina Km 16,900 (Ang. Via del Vermicino),133,Roma,RM,Roma,Lazio
16822,Via Diego Angeli,176,159,Roma,RM,Roma,Lazio
16823,Via Dei Platani,142,172,Roma,RM,Roma,Lazio
16824,Via Dei Platani,142,172,Roma,RM,Roma,Lazio
16825,Via Dei Platani,142,172,Roma,RM,Roma,Lazio
16826,Via Dei Platani,142,172,Roma,RM,Roma,Lazio
16827,Via Dei Platani,142,172,Roma,RM,Roma,Lazio
16828,Via Bresadola,19/21,171,Roma,RM,Roma,Lazio
16829,Via Aquaroni,72,133,Roma,RM,Roma,Lazio
16830,Via Aquaroni,72,133,Roma,RM,Roma,Lazio
16831,Via Aquaroni,72,133,Roma,RM,Roma,Lazio
16832,Via Acquaroni,72,133,Roma,RM,Roma,Lazio
16836,Via Tor De' Schiavi,188,172,Roma,RM,Roma,Lazio
16837,Via Di Pietralata,511,158,Roma,RM,Roma,Lazio
16838,Via Di Pietralata,511,158,Roma,RM,Roma,Lazio
16839,Via Di Pietralata,511,158,Roma,RM,Roma,Lazio
16840,Via F. Delpino,70,171,Roma,RM,Roma,Lazio
16841,Piazza Dei Consoli,15,175,Roma,RM,Roma,Lazio
16842,Piazza Dei Consoli,15,175,Roma,RM,Roma,Lazio
16843,Viale Palmiro Togliatti,225/231,175,Roma,RM,Roma,Lazio
16844,V.le Palmiro Togliatti,225/231,175,Roma,RM,Roma,Lazio
16845,Viale Palmiro Togliatti,225/231,175,Roma,RM,Roma,Lazio
16846,Viale Palmiro Togliatti,225/231,175,Roma,RM,Roma,Lazio
16847,V.le Palmiro Togliatti,225/231,175,Roma,RM,Roma,Lazio
16848,Via Flavio Stilicone,253-257,175,Roma,RM,Roma,Lazio
16849,Via Flavio Stilicone,255,175,Roma,RM,Roma,Lazio
16850,Via Angelo Viscogliosi,42,155,Roma,RM,Roma,Lazio
16851,Via Angelo Viscogliosi,42,155,Roma,RM,Roma,Lazio
16852,Via Dei Castani,110,172,Roma,RM,Roma,Lazio
16853,Via Dei Castani,110,172,Roma,RM,Roma,Lazio
16854,Largo Beltramelli,13 13/A,157,Roma,RM,Roma,Lazio
16855,Largo Beltramelli,13 13/A,157,Roma,RM,Roma,Lazio
16856,Largo Beltramelli,13 13/A,157,Roma,RM,Roma,Lazio
16857,Via Monti Tiburtini,598,157,Roma,RM,Roma,Lazio
16858,Via Monti Tiburtini,600,157,Roma,RM,Roma,Lazio
16859,Via Monti Tiburtini,598,157,Roma,RM,Roma,Lazio
16860,Via Dei Castani,310/312,171,Roma,RM,Roma,Lazio
16861,Via Quinto Pedio,20,175,Roma,RM,Roma,Lazio
16862,Via Quinto Pedio,20,175,Roma,RM,Roma,Lazio
16863,Via Quinto Pedio,20,175,Roma,RM,Roma,Lazio
16864,Via G. Chiovenda,88,173,Roma,RM,Roma,Lazio
16865,Via G. Chiovenda,88,173,Roma,RM,Roma,Lazio
16866,Via Tor De' Schiavi,147/d,172,Roma,RM,Roma,Lazio
16867,Via Tor De Schiavi,147-b/c,172,Roma,RM,Roma,Lazio
16868,Via Tor De Schiavi,147-b/c,172,Roma,RM,Roma,Lazio
16869,Via Tor De Schiavi,147-b/c,172,Roma,RM,Roma,Lazio
16870,Via Dei Meli,33/E,172,Roma,RM,Roma,Lazio
16871,Viale Alessandrino,539,172,Roma,RM,Roma,Lazio
16872,Via Tiburtina,542,159,Roma,RM,Roma,Lazio
16873,Via Torrenova,212 (ang. Via Teseo 1),133,Roma,RM,Roma,Lazio
16874,Via Torrenova,212 (ang. Via Teseo 1),133,Roma,RM,Roma,Lazio
16875,Via Torrenova,212 (ang. Via Teseo 1),133,Roma,RM,Roma,Lazio
16876,Via C. Ricotti,42,159,Roma,RM,Roma,Lazio
16877,Via C. Ricotti,42,159,Roma,RM,Roma,Lazio
16878,Via C. Ricotti,42,159,Roma,RM,Roma,Lazio
16879,Via A. Baldissera,1/c,159,Roma,RM,Roma,Lazio
16880,Via A. Baldissera,1/c,159,Roma,RM,Roma,Lazio
16881,Via A. Baldissera,1/c,159,Roma,RM,Roma,Lazio
16882,Via A. Baldissera,1/c,159,Roma,RM,Roma,Lazio
16883,Via Stazione Di Ciampino,56-58,118,Roma,RM,Roma,Lazio
16884,Via Tuscolana,1258,174,Roma,RM,Roma,Lazio
16885,Via Nicandro,6/a,155,Roma,RM,Roma,Lazio
16886,Via Dei Pioppi,5/c,172,Roma,RM,Roma,Lazio
16887,Via Mozart,59,159,Roma,RM,Roma,Lazio
16888,Via Mozart,59,159,Roma,RM,Roma,Lazio
16889,Via Mozart,59,159,Roma,RM,Roma,Lazio
16890,Via Mozart,59,159,Roma,RM,Roma,Lazio
16891,Piazza S. Giovanni Bosco,39/42,175,Roma,RM,Roma,Lazio
16892,Piazza S. Giovanni Bosco,39/42,175,Roma,RM,Roma,Lazio
16893,Via Gaspara Stampa,71/73,137,Roma,RM,Roma,Lazio
16894,Via Gaspara Stampa,71/73,137,Roma,RM,Roma,Lazio
16895,Via Carlo Arturo Jemolo,153 (Loc. La Torraccia),156,Roma,RM,Roma,Lazio
16896,Via Donato Menichella,132,156,Roma,RM,Roma,Lazio
16897,Via F. Verdinois,36,159,Roma,RM,Roma,Lazio
16898,Via F. Verdinois,42,159,Roma,RM,Roma,Lazio
16899,Via F. Verdinois,36,159,Roma,RM,Roma,Lazio
16900,Via F. Verdinois,36,159,Roma,RM,Roma,Lazio
16901,Via Casilina,1914/c,132,Roma,RM,Roma,Lazio
16902,Via Casilina,1914/c,132,Roma,RM,Roma,Lazio
16903,Via Casilina,1914/c,132,Roma,RM,Roma,Lazio
16904,Via Massa Di S. Giuliano,260,10,Roma,RM,Roma,Lazio
16905,Viale Carlo Marx,195,137,Roma,RM,Roma,Lazio
16906,Viale Carlo Marx,195,137,Roma,RM,Roma,Lazio
16907,Viale Carlo Marx,195,137,Roma,RM,Roma,Lazio
16908,Viale Carlo Marx,195,137,Roma,RM,Roma,Lazio
16909,Via Annia Regilla,202,178,Roma,RM,Roma,Lazio
16910,Via Polia,12-14,178,Roma,RM,Roma,Lazio
16911,Via Polia,12-14,178,Roma,RM,Roma,Lazio
16912,Via Pippo Tamburri,2 a,169,Roma,RM,Roma,Lazio
16913,Via Delle Rondini,64,169,Roma,RM,Roma,Lazio
16914,Largo Spartaco,9/10,174,Roma,RM,Roma,Lazio
16915,Largo Spartaco,9/10,174,Roma,RM,Roma,Lazio
16916,Largo Spartaco,9/10,174,Roma,RM,Roma,Lazio
16917,Largo Spartaco,9/10,174,Roma,RM,Roma,Lazio
16918,Via Degli Armenti,84,155,Roma,RM,Roma,Lazio
16919,Piazza Enrico Coleman,9,155,Roma,RM,Roma,Lazio
16920,Via Degli Armenti,84,155,Roma,RM,Roma,Lazio
16921,Piazza Enrico Coleman,9,155,Roma,RM,Roma,Lazio
16922,Via Degli Albatri,10,169,Roma,RM,Roma,Lazio
16923,Via Degli Albatri,10,169,Roma,RM,Roma,Lazio
16924,Via Casilina,1220,133,Roma,RM,Roma,Lazio
16925,Via Casilina,1218,133,Roma,RM,Roma,Lazio
16926,Via J.p. Sartre,9,133,Roma,RM,Roma,Lazio
16927,Viale Giulio Agricola,96,174,Roma,RM,Roma,Lazio
16928,V.le Giulio Agricola,96,174,Roma,RM,Roma,Lazio
16929,Via Villabate,173/177,133,Roma,RM,Roma,Lazio
16930,Via Villabate,175,133,Roma,RM,Roma,Lazio
16931,Via Tor Sapienza,9/B,155,Roma,RM,Roma,Lazio
16932,Via Amico Aspertini,219,133,Roma,RM,Roma,Lazio
16933,Via Di Torrenova,155/d,133,Roma,RM,Roma,Lazio
16934,Via Di Torrenova,155/d,133,Roma,RM,Roma,Lazio
16935,Via Di Torrenova,163,133,Roma,RM,Roma,Lazio
16936,Via Lizzani,55,169,Roma,RM,Roma,Lazio
16937,Via Giuseppe Donati,62,159,Roma,RM,Roma,Lazio
16938,Via Giuseppe Donati,62,159,Roma,RM,Roma,Lazio
16939,Via Selinunte,39,174,Roma,RM,Roma,Lazio
16940,Via Tuscolana,699,174,Roma,RM,Roma,Lazio
16941,Via Tuscolana,699,174,Roma,RM,Roma,Lazio
16942,Via Della Bella Villa,62/B,172,Roma,RM,Roma,Lazio
16943,Via Montecassiano,163,156,Roma,RM,Roma,Lazio
16944,Via Montecassiano,163,156,Roma,RM,Roma,Lazio
16945,Via Montecassiano,163,156,Roma,RM,Roma,Lazio
16946,Via Dina Galli,7,139,Roma,RM,Roma,Lazio
16947,Via Dina Galli,7,139,Roma,RM,Roma,Lazio
16948,Via C. Baseggio,112-120,139,Roma,RM,Roma,Lazio
16949,Via C. Baseggio,112-120,139,Roma,RM,Roma,Lazio
16950,Via Bartolo Longo,7,156,Roma,RM,Roma,Lazio
16951,Via Bartolo Longo,7,156,Roma,RM,Roma,Lazio
16952,Viale Giovan Battista Bardanzellu,75,155,Roma,RM,Roma,Lazio
16953,Via Ponzio Cominio,29/a - 29/b,175,Roma,RM,Roma,Lazio
16954,Via Ponzio Cominio,29/a - 29/b,175,Roma,RM,Roma,Lazio
16955,Via G. Curioni,51/53,157,Roma,RM,Roma,Lazio
16956,Viale Alessandrino,387,172,Roma,RM,Roma,Lazio
16957,Via Tuscolana,800,174,Roma,RM,Roma,Lazio
16958,Via Tuscolana,800,174,Roma,RM,Roma,Lazio
16959,Via Tuscolana,855/d,175,Roma,RM,Roma,Lazio
16960,Via Tuscolana,855/d,174,Roma,RM,Roma,Lazio
16961,Via Dei Durantini,350-350/a,157,Roma,RM,Roma,Lazio
16962,Via Tor Vergata,67,133,Roma,RM,Roma,Lazio
16963,Via Tor Vergata,67,133,Roma,RM,Roma,Lazio
16964,Via Scribonio Curione,91/93,175,Roma,RM,Roma,Lazio
16965,Via Scribonio Curione,91/93,175,Roma,RM,Roma,Lazio
16966,Via Scribonio Curione,91/93,175,Roma,RM,Roma,Lazio
16967,Via Scribonio Curione,91/93,175,Roma,RM,Roma,Lazio
16968,Via S. Giovanni Bosco,91,175,Roma,RM,Roma,Lazio
16969,Via S. Giovanni Bosco,91,175,Roma,RM,Roma,Lazio
16970,Via Cluniacensi,20/22,159,Roma,RM,Roma,Lazio
16971,Via Tiburtina,608/D,159,Roma,RM,Roma,Lazio
16972,Via Tiburtina,608/D,159,Roma,RM,Roma,Lazio
16973,Via Tiburtina,608/D,159,Roma,RM,Roma,Lazio
16974,Via A. Regilla,103/105,178,Roma,RM,Roma,Lazio
16975,Via A. Regilla,103/105,178,Roma,RM,Roma,Lazio
16976,Via Tuscolana,925,174,Roma,RM,Roma,Lazio
16977,Via Tuscolana,925,174,Roma,RM,Roma,Lazio
16978,Via Tuscolana,925,174,Roma,RM,Roma,Lazio
16979,Via Tuscolana,925,174,Roma,RM,Roma,Lazio
16980,Largo Russell,11,156,Roma,RM,Roma,Lazio
16981,Via Delle Acacie,51,171,Roma,RM,Roma,Lazio
16982,Via Delle Acacie,51,171,Roma,RM,Roma,Lazio
16983,Via Delle Acacie,51,171,Roma,RM,Roma,Lazio
16986,Piazza B. Avanzini,7,157,Roma,RM,Roma,Lazio
16987,Via Dei Gelsi,15 A,171,Roma,RM,Roma,Lazio
16988,Via Dei Gelsi,15 A,171,Roma,RM,Roma,Lazio
16989,Via Dei Gelsi,15 A,171,Roma,RM,Roma,Lazio
16990,Via Casal De' Pazzi,64,156,Roma,RM,Roma,Lazio
16991,Via Dei Glicini,44 a/d,172,Roma,RM,Roma,Lazio
16992,Via Dei Glicini,44 a/d,172,Roma,RM,Roma,Lazio
16993,Via Dei Glicini,44 a/d,172,Roma,RM,Roma,Lazio
16994,Via Dei Glicini,44 a/d,172,Roma,RM,Roma,Lazio
16995,Via Di Pietralata,272/B,158,Roma,RM,Roma,Lazio
16996,Via Di Pietralata,272/B,158,Roma,RM,Roma,Lazio
16997,Via Di Pietralata,272/B,158,Roma,RM,Roma,Lazio
16998,Via Di Pietralata,272/B,158,Roma,RM,Roma,Lazio
16999,Via Pietro Romano,70,169,Roma,RM,Roma,Lazio
17000,Via Pietro Romano,70,169,Roma,RM,Roma,Lazio
17001,Via Pietro Romano,70,169,Roma,RM,Roma,Lazio
17002,Via Marco Decumio,18,174,Roma,RM,Roma,Lazio
17003,Via Tiburtina,348/350,159,Roma,RM,Roma,Lazio
17004,Via Tiburtina,348/350,159,Roma,RM,Roma,Lazio
17005,Via S. Romano,26,159,Roma,RM,Roma,Lazio
17006,Via S. Romano,26,159,Roma,RM,Roma,Lazio
17007,Via Tiburtina,348/350,159,Roma,RM,Roma,Lazio
17008,Via Tiburtina,348/350,159,Roma,RM,Roma,Lazio
17009,Via Tor De' Schiavi,39-39a,172,Roma,RM,Roma,Lazio
17010,Via Tor De' Schiavi,39-39a,172,Roma,RM,Roma,Lazio
17011,Via Eugenio Checchi,29,157,Roma,RM,Roma,Lazio
17012,Via Eugenio Checchi,29,157,Roma,RM,Roma,Lazio
17013,Via Eugenio Checchi,29,157,Roma,RM,Roma,Lazio
17014,Via Ponte Delle Sette Miglia,35,173,Roma,RM,Roma,Lazio
17015,Via Ponte Delle Sette Miglia,35,173,Roma,RM,Roma,Lazio
17016,Via Tuscolana,991,174,Roma,RM,Roma,Lazio
17017,Viale Anicio Gallo,154,174,Roma,RM,Roma,Lazio
17018,Viale Alessandrino,273,172,Roma,RM,Roma,Lazio
17019,V.le Alessandrino,273,172,Roma,RM,Roma,Lazio
17020,Via D. Panaroli,13,172,Roma,RM,Roma,Lazio
17021,Via Dei Platani,1/B,172,Roma,RM,Roma,Lazio
17022,Via Dei Platani,1/B,172,Roma,RM,Roma,Lazio
17023,Via A. Fiori,37/39,156,Roma,RM,Roma,Lazio
17024,Via A. Fiori,37/39,156,Roma,RM,Roma,Lazio
17025,Via A. Fiori,37/39,156,Roma,RM,Roma,Lazio
17026,Piazza E. Piaggio,18/19,133,Roma,RM,Roma,Lazio
17027,Piazza E. Piaggio,18/19,133,Roma,RM,Roma,Lazio
17028,Piazza E. Piaggio,19,133,Roma,RM,Roma,Lazio
17029,Piazza E. Piaggio,22,133,Roma,RM,Roma,Lazio
17030,Via Augusto Lupi,38/40,169,Roma,RM,Roma,Lazio
17031,Via Tiburtina,437,159,Roma,RM,Roma,Lazio
17032,Via Tuscolana,918/920,174,Roma,RM,Roma,Lazio
17033,Via Appio Claudio,306,174,Roma,RM,Roma,Lazio
17034,Viale P. Togliatti,1583,155,Roma,RM,Roma,Lazio
17035,Via Casale S. Basilio,205/207,156,Roma,RM,Roma,Lazio
17036,Via Dameta,127,155,Roma,RM,Roma,Lazio
17037,Via Prenestina,414/m,171,Roma,RM,Roma,Lazio
17038,Via Dei Colombi,84/A,169,Roma,RM,Roma,Lazio
17039,Via Dei Colombi,84/A,169,Roma,RM,Roma,Lazio
17040,Via Delle Robinie,81-81a,172,Roma,RM,Roma,Lazio
17041,Via Delle Robinie,81-81a,172,Roma,RM,Roma,Lazio
17042,Via Acaia,49,183,Roma,RM,Roma,Lazio
17043,Via A. Consolini,12,142,Roma,RM,Roma,Lazio
17044,Via Tazio Nuvolari,57,142,Roma,RM,Roma,Lazio
17045,Via Cerveteri,5/7/9/11,183,Roma,RM,Roma,Lazio
17046,Via Cerveteri,5/7/9/11,183,Roma,RM,Roma,Lazio
17047,Via Cerveteri,5,183,Roma,RM,Roma,Lazio
17048,Via Cerveteri,5,183,Roma,RM,Roma,Lazio
17049,Via Gallia,102 - 104,183,Roma,RM,Roma,Lazio
17050,Via L. Fincati,17,154,Roma,RM,Roma,Lazio
17051,Via L. Fincati,17,154,Roma,RM,Roma,Lazio
17052,Via L. Fincati,17,154,Roma,RM,Roma,Lazio
17053,Via L. Fincati,17,154,Roma,RM,Roma,Lazio
17054,Viale Europa,78,144,Roma,RM,Roma,Lazio
17055,Viale Europa,80,144,Roma,RM,Roma,Lazio
17056,Viale Europa,80,144,Roma,RM,Roma,Lazio
17057,Via Gino Capponi,65,179,Roma,RM,Roma,Lazio
17058,Via Gino Capponi,65,179,Roma,RM,Roma,Lazio
17059,Via Fontebuono,45,142,Roma,RM,Roma,Lazio
17060,Via Fontebuono,45,142,Roma,RM,Roma,Lazio
17061,Via Fontebuono,45,142,Roma,RM,Roma,Lazio
17062,Via Fontebuono,45,142,Roma,RM,Roma,Lazio
17063,Via Orvieto,33,182,Roma,RM,Roma,Lazio
17064,Via Orvieto,33,182,Roma,RM,Roma,Lazio
17065,Via Orvieto,35,182,Roma,RM,Roma,Lazio
17066,Via Orvieto,33,182,Roma,RM,Roma,Lazio
17067,Via Orvieto,33,182,Roma,RM,Roma,Lazio
17068,Via Orvieto,39,182,Roma,RM,Roma,Lazio
17069,Via Orvieto,39,182,Roma,RM,Roma,Lazio
17070,Via Numitore,9/11,181,Roma,RM,Roma,Lazio
17071,Via Leonardo Da Vinci,155,145,Roma,RM,Roma,Lazio
17072,Via Leonardo Da Vinci,155,145,Roma,RM,Roma,Lazio
17073,Via Leonardo Da Vinci,153/157,145,Roma,RM,Roma,Lazio
17074,Via Tor De Schiavi,281,171,Roma,RM,Roma,Lazio
17075,Via Tor De Schiavi,281,171,Roma,RM,Roma,Lazio
17076,Via Tor De Schiavi,281,171,Roma,RM,Roma,Lazio
17077,Via Appia Nuova,405,181,Roma,RM,Roma,Lazio
17078,Via Appia Nuova,405,181,Roma,RM,Roma,Lazio
17079,Via Appia Nuova,405,181,Roma,RM,Roma,Lazio
17080,Viale Filippo Tommaso Marinetti,211,143,Roma,RM,Roma,Lazio
17081,Viale Filippo Tommaso Marinetti,211,143,Roma,RM,Roma,Lazio
17082,Viale Marinetti,211,143,Roma,RM,Roma,Lazio
17083,Viale Filippo Tommaso Marinetti,211,143,Roma,RM,Roma,Lazio
17084,Via Appia Nuova,651,179,Roma,RM,Roma,Lazio
17085,Via Appia Nuova,651,179,Roma,RM,Roma,Lazio
17086,Via Tuscolana,285,181,Roma,RM,Roma,Lazio
17087,Via Tuscolana,285,181,Roma,RM,Roma,Lazio
17088,Via Filippi,11,146,Roma,RM,Roma,Lazio
17089,Via Filippi,11,146,Roma,RM,Roma,Lazio
17090,Via Filippi,11,146,Roma,RM,Roma,Lazio
17091,Via Andrea Mantegna,42/44,147,Roma,RM,Roma,Lazio
17092,Via Andrea Mantegna,42/44,147,Roma,RM,Roma,Lazio
17093,Piazza Dei Navigatori,12/13,147,Roma,RM,Roma,Lazio
17094,Via Di Grotta Perfetta,131,147,Roma,RM,Roma,Lazio
17095,Via Di Grotta Perfetta,129-131,142,Roma,RM,Roma,Lazio
17096,Via A. Leonori,27,147,Roma,RM,Roma,Lazio
17097,Via Tuscolana,344,181,Roma,RM,Roma,Lazio
17098,Via Prenestina,279/281/281A,177,Roma,RM,Roma,Lazio
17099,Via G. Pitacco,17,177,Roma,RM,Roma,Lazio
17100,Via Gabi,14,183,Roma,RM,Roma,Lazio
17101,Via Gabi,18/22,183,Roma,RM,Roma,Lazio
17102,Via Gabi,18/22,183,Roma,RM,Roma,Lazio
17103,Via Roberto Malatesta,35,176,Roma,RM,Roma,Lazio
17104,Via Roberto Malatesta,35,176,Roma,RM,Roma,Lazio
17105,Via Roberto Malatesta,35,176,Roma,RM,Roma,Lazio
17106,Viale Della Tecnica,217,144,Roma,RM,Roma,Lazio
17107,V.le Della Tecnica,217,144,Roma,RM,Roma,Lazio
17108,Viale Della Tecnica,217,144,Roma,RM,Roma,Lazio
17109,Via Etruria,38,183,Roma,RM,Roma,Lazio
17110,Via Tibero Imperatore,53,145,Roma,RM,Roma,Lazio
17111,Via Silvio D'amico,15/17,145,Roma,RM,Roma,Lazio
17112,Via Silvio D'amico,15/17,145,Roma,RM,Roma,Lazio
17113,Via Silvio D'amico,15/17,145,Roma,RM,Roma,Lazio
17114,Via Silvio D'amico,15/17,145,Roma,RM,Roma,Lazio
17115,Piazza Geremia Bonomelli,5,154,Roma,RM,Roma,Lazio
17116,Piazza Geremia Bonomelli,5,154,Roma,RM,Roma,Lazio
17117,Via F. O. Da Pennabilli,4,154,Roma,RM,Roma,Lazio
17118,Via Marco Tabarrini,2/e (Angolo Circ.ne Appia),179,Roma,RM,Roma,Lazio
17119,Via Marco Tabarrini,2,179,Roma,RM,Roma,Lazio
17120,Viale Francesco Caltagirone,452,132,Roma,RM,Roma,Lazio
17121,Via Sinuessa,22,183,Roma,RM,Roma,Lazio
17122,Viale Francesco Caltagirone,452,132,Roma,RM,Roma,Lazio
17123,Via Giustiniano Imperatore,33,145,Roma,RM,Roma,Lazio
17124,Via Giustiniano Imperatore,33,145,Roma,RM,Roma,Lazio
17125,Via Giustiniano Imperatore,33,145,Roma,RM,Roma,Lazio
17126,Via Giustiniano Imperatore,33,145,Roma,RM,Roma,Lazio
17127,Via P. Di Dono,35,143,Roma,RM,Roma,Lazio
17128,Via P. Di Dono,35,143,Roma,RM,Roma,Lazio
17129,Largo Preneste,22,176,Roma,RM,Roma,Lazio
17130,Largo Preneste,22,176,Roma,RM,Roma,Lazio
17131,Via Appia Nuova,97-97/a,183,Roma,RM,Roma,Lazio
17132,Via Appia Nuova,97-97/a,183,Roma,RM,Roma,Lazio
17133,Via Appia Nuova,97-97/a,183,Roma,RM,Roma,Lazio
17134,Via Appia Nuova,97-97/a,183,Roma,RM,Roma,Lazio
17135,Via Delle Palme,195 a,171,Roma,RM,Roma,Lazio
17136,Via Delle Palme,195 a,171,Roma,RM,Roma,Lazio
17137,Via Delle Palme,195 a,171,Roma,RM,Roma,Lazio
17138,Via Sante Bargellini,9c,157,Roma,RM,Roma,Lazio
17139,Via Del Pigneto,108 e/f,176,Roma,RM,Roma,Lazio
17140,Via Del Pigneto,108 e/f,176,Roma,RM,Roma,Lazio
17141,Via Del Pigneto,108 e/f,176,Roma,RM,Roma,Lazio
17142,Via Del Pigneto,108 e/f,176,Roma,RM,Roma,Lazio
17143,Via Torpignattara,47,177,Roma,RM,Roma,Lazio
17144,Via Carroceto,85,178,Roma,RM,Roma,Lazio
17145,Via Fosso Dell'osa,338,132,Roma,RM,Roma,Lazio
17146,Via Del Peperino,38,158,Roma,RM,Roma,Lazio
17147,Via Del Peperino,38,158,Roma,RM,Roma,Lazio
17148,Via Del Peperino,38,158,Roma,RM,Roma,Lazio
17149,Via Taranto,162,182,Roma,RM,Roma,Lazio
17150,Via Taranto,162,182,Roma,RM,Roma,Lazio
17151,Largo Enea Bortolotti,1,146,Roma,RM,Roma,Lazio
17152,Via Tullio Levi Civita,64,146,Roma,RM,Roma,Lazio
17153,Via Tullio Levi Civita,64,146,Roma,RM,Roma,Lazio
17154,Via Prenestina,423,177,Roma,RM,Roma,Lazio
17155,Piazza Finocchiaro Aprile,13/14,181,Roma,RM,Roma,Lazio
17156,Piazza Finocchiaro Aprile,13/14,181,Roma,RM,Roma,Lazio
17157,Via Corfinio,1,183,Roma,RM,Roma,Lazio
17158,Via P. Braccini,4,128,Roma,RM,Roma,Lazio
17159,Via Elio Chianesi,134,128,Roma,RM,Roma,Lazio
17160,Viale Beata Vergine Del Carmelo,73,144,Roma,RM,Roma,Lazio
17161,Via Prenestina,144/A,176,Roma,RM,Roma,Lazio
17162,Via Ettore Giovenale,10/12,176,Roma,RM,Roma,Lazio
17163,Via Ettore Giovenale,10/12,176,Roma,RM,Roma,Lazio
17164,Via Giacomo Biga,10,154,Roma,RM,Roma,Lazio
17165,Via Giacomo Biga,10,154,Roma,RM,Roma,Lazio
17166,Via Ostiense,168,154,Roma,RM,Roma,Lazio
17167,Via Ostiense,168,154,Roma,RM,Roma,Lazio
17168,Piazza Accademia Antiquaria,1/2,147,Roma,RM,Roma,Lazio
17169,Viale Caduti Per La Resistenza,117-119,128,Roma,RM,Roma,Lazio
17170,Via Cad. Guerra Liberaz.,152-154,128,Roma,RM,Roma,Lazio
17171,Viale Caduti Per La Resistenza,117-119,128,Roma,RM,Roma,Lazio
17172,Viale Caduti Per La Resistenza,117-119,128,Roma,RM,Roma,Lazio
17173,Viale Caduti Per La Resistenza,117-119,128,Roma,RM,Roma,Lazio
17174,Via Ermanno Wolf Ferrari,242 E/F,124,Roma,RM,Roma,Lazio
17175,Via Ermanno Wolf Ferrari,242 E/F,124,Roma,RM,Roma,Lazio
17176,Circonvallazione Ostiense,142,154,Roma,RM,Roma,Lazio
17177,Circonvallazione Ostiense,142,154,Roma,RM,Roma,Lazio
17178,Circonvallazione Ostiense,142,154,Roma,RM,Roma,Lazio
17179,Via G. Morandi,163,155,Roma,RM,Roma,Lazio
17180,Via G. Morandi,163,155,Roma,RM,Roma,Lazio
17181,Via C.t. Odescalchi,3/a,147,Roma,RM,Roma,Lazio
17182,Via C.t. Odescalchi,3/a,147,Roma,RM,Roma,Lazio
17183,Via C.t. Odescalchi,3/a,147,Roma,RM,Roma,Lazio
17184,Via G. Alessi,183,176,Roma,RM,Roma,Lazio
17185,Via G. Alessi,183,176,Roma,RM,Roma,Lazio
17186,Via G. Alessi,183,176,Roma,RM,Roma,Lazio
17187,Via Pincherle,28/34,146,Roma,RM,Roma,Lazio
17188,Via Pincherle,28/34,146,Roma,RM,Roma,Lazio
17189,Viale Guglielmo Marconi,640/642,146,Roma,RM,Roma,Lazio
17190,Via Pincherle,28/34,146,Roma,RM,Roma,Lazio
17191,Via Laurentina,591-591/a,143,Roma,RM,Roma,Lazio
17192,Largo N. Cannella,7,128,Roma,RM,Roma,Lazio
17193,Via R. Pettazzoni,24,177,Roma,RM,Roma,Lazio
17194,Largo R. Pettazzoni,24,177,Roma,RM,Roma,Lazio
17195,Via R. Pettazzoni,24,177,Roma,RM,Roma,Lazio
17196,Via Prenestina,365/e,177,Roma,RM,Roma,Lazio
17197,Via Giuseppe Cei,45,177,Roma,RM,Roma,Lazio
17198,Via Giuseppe Cei,45,177,Roma,RM,Roma,Lazio
17199,Via Giuseppe Cei,45,177,Roma,RM,Roma,Lazio
17200,Via A. Da Giussano,40,176,Roma,RM,Roma,Lazio
17201,Via A. Da Giussano,40,176,Roma,RM,Roma,Lazio
17202,Via A. Da Giussano,40,176,Roma,RM,Roma,Lazio
17203,Via A. Da Giussano,40,176,Roma,RM,Roma,Lazio
17204,Via A. Cechov,8,142,Roma,RM,Roma,Lazio
17205,Via Collatina,29/A,177,Roma,RM,Roma,Lazio
17206,Via Collatina,29,177,Roma,RM,Roma,Lazio
17207,Via Collatina,29/A,177,Roma,RM,Roma,Lazio
17208,Via Collatina,29/A,177,Roma,RM,Roma,Lazio
17209,Via Edoardo D'onofrio,66,155,Roma,RM,Roma,Lazio
17210,Via Edoardo D'onofrio,70,155,Roma,RM,Roma,Lazio
17211,Via Edoardo D'onofrio,66,155,Roma,RM,Roma,Lazio
17212,Via Lepetit,207/209,155,Roma,RM,Roma,Lazio
17213,Via Lepetit,207/209,155,Roma,RM,Roma,Lazio
17214,Via Enna,17,182,Roma,RM,Roma,Lazio
17215,Via Di Trigoria,96 D,128,Roma,RM,Roma,Lazio
17216,Via L. Bufalini,37/47,176,Roma,RM,Roma,Lazio
17217,Via L. Bufalini,37/47,176,Roma,RM,Roma,Lazio
17218,Via B. Perestrello,26/27,176,Roma,RM,Roma,Lazio
17219,Via A. Crivellucci,37/39/41,179,Roma,RM,Roma,Lazio
17220,Via Del Pigneto,77/A,176,Roma,RM,Roma,Lazio
17221,Via Del Pigneto,77/A,176,Roma,RM,Roma,Lazio
17222,Via Del Pigneto,77,176,Roma,RM,Roma,Lazio
17223,Via Del Pigneto,77,176,Roma,RM,Roma,Lazio
17224,Via Del Pigneto,77/A,176,Roma,RM,Roma,Lazio
17225,Via Acqua Bullicante,72,177,Roma,RM,Roma,Lazio
17226,Via Collatina,112,177,Roma,RM,Roma,Lazio
17227,Via Collatina,112,177,Roma,RM,Roma,Lazio
17228,Piazza Federico Marcello Lante,32,147,Roma,RM,Roma,Lazio
17229,Via G.a. Sartorio,34(Ang.P.za Lante 32),147,Roma,RM,Roma,Lazio
17230,Piazza Federico Marcello Lante,32,147,Roma,RM,Roma,Lazio
17231,Via Taranto,111,182,Roma,RM,Roma,Lazio
17232,Via Taranto,111,182,Roma,RM,Roma,Lazio
17233,Via Taranto,111,182,Roma,RM,Roma,Lazio
17234,Via Benedetto Croce,149/151/153,142,Roma,RM,Roma,Lazio
17235,Via Benedetto Croce,149/151/153,142,Roma,RM,Roma,Lazio
17236,Via Benedetto Croce,149/151/153,142,Roma,RM,Roma,Lazio
17237,Via Benedetto Croce,149/151/153,142,Roma,RM,Roma,Lazio
17238,Via Benedetto Croce,149/151/153,142,Roma,RM,Roma,Lazio
17239,Via R. R. Garibaldi,87,145,Roma,RM,Roma,Lazio
17240,Via R. R. Garibaldi,87,145,Roma,RM,Roma,Lazio
17241,Via Prenestina,206,176,Roma,RM,Roma,Lazio
17242,Via Prenestina,204/c,176,Roma,RM,Roma,Lazio
17243,Via Prenestina,206,176,Roma,RM,Roma,Lazio
17244,Via L'aquila,13,176,Roma,RM,Roma,Lazio
17245,Via Niso,10,181,Roma,RM,Roma,Lazio
17246,Viale Furio Camillo,51,181,Roma,RM,Roma,Lazio
17247,Via Furio Camillo,10,181,Roma,RM,Roma,Lazio
17248,Via Mario Menghini,13,179,Roma,RM,Roma,Lazio
17249,Via Guglielmo Degli Ubertini,3,176,Roma,RM,Roma,Lazio
17250,Piazza Roberto Malatesta,38,176,Roma,RM,Roma,Lazio
17251,Piazza Roberto Malatesta,38,176,Roma,RM,Roma,Lazio
17252,Via Morozzo Della Rocca,34,159,Roma,RM,Roma,Lazio
17253,Via Morozzo Della Rocca,34,159,Roma,RM,Roma,Lazio
17254,Via Morozzo Della Rocca,34,159,Roma,RM,Roma,Lazio
17255,Via Veturia,57,181,Roma,RM,Roma,Lazio
17256,Via Tarquinio Prisco,46,181,Roma,RM,Roma,Lazio
17257,Via Tarquinio Prisco,46,181,Roma,RM,Roma,Lazio
17258,Via Elio Lampridio Cerva,147,143,Roma,RM,Roma,Lazio
17259,Via Stefano Gradi,126/128,143,Roma,RM,Roma,Lazio
17260,Via Elio Lampridio Cerva,147,143,Roma,RM,Roma,Lazio
17261,Via Stefano Gradi,126/128,143,Roma,RM,Roma,Lazio
17262,Via Carmelo Maestrini,100,128,Roma,RM,Roma,Lazio
17263,Largo Irpinia,40,177,Roma,RM,Roma,Lazio
17264,Largo Irpinia,40,177,Roma,RM,Roma,Lazio
17265,Via Tommaso Da Celano,27/c,179,Roma,RM,Roma,Lazio
17266,Via Macinghi Strozzi,7,145,Roma,RM,Roma,Lazio
17267,Via Della Villa Di Lucina,51 A-B-C,145,Roma,RM,Roma,Lazio
17268,Via Della Villa Di Lucina,51 A-B-C,145,Roma,RM,Roma,Lazio
17269,Via Tuscolana,460,181,Roma,RM,Roma,Lazio
17270,Via Tuscolana,490,181,Roma,RM,Roma,Lazio
17271,V.le Partenope,96,177,Roma,RM,Roma,Lazio
17272,Viale Partenope,96,177,Roma,RM,Roma,Lazio
17273,Via V. Cerulli,16/20,143,Roma,RM,Roma,Lazio
17274,Via V. Cerulli,16/20,143,Roma,RM,Roma,Lazio
17275,Via V. Cerulli,16/20,143,Roma,RM,Roma,Lazio
17276,Via La Spezia,96/98,182,Roma,RM,Roma,Lazio
17277,Via La Spezia,96/98,182,Roma,RM,Roma,Lazio
17278,Via Ciro Da Urbino,37,176,Roma,RM,Roma,Lazio
17279,Via Etruria,13/B,183,Roma,RM,Roma,Lazio
17280,Via Etruria,13/B,183,Roma,RM,Roma,Lazio
17281,Via Etruria,13/B,183,Roma,RM,Roma,Lazio
17282,Via Dino Penazzato,83/E 83/F,177,Roma,RM,Roma,Lazio
17283,Viale Venezia Giulia,113,177,Roma,RM,Roma,Lazio
17284,V.le Venezia Giulia,113,177,Roma,RM,Roma,Lazio
17285,Viale Venezia Giulia,113,177,Roma,RM,Roma,Lazio
17286,Circonvallazione Ostiense,289,154,Roma,RM,Roma,Lazio
17287,Circonvallazione Ostiense,289,154,Roma,RM,Roma,Lazio
17288,Circonvallazione Ostiense,289,154,Roma,RM,Roma,Lazio
17289,Circonvallazione Ostiense,289,154,Roma,RM,Roma,Lazio
17290,Via Eurialo,35,181,Roma,RM,Roma,Lazio
17291,Via Eurialo,35/b,181,Roma,RM,Roma,Lazio
17292,Via Eurialo 35 Angolo Via Turno,47,181,Roma,RM,Roma,Lazio
17293,Via Appia Nuova,213,183,Roma,RM,Roma,Lazio
17294,Via Appia Nuova,213,183,Roma,RM,Roma,Lazio
17295,Via A. Zanetta,130,143,Roma,RM,Roma,Lazio
17296,Via Abigaile Zanetta,130,143,Roma,RM,Roma,Lazio
17297,Via Abigaile Zanetta,130,143,Roma,RM,Roma,Lazio
17298,Via Del Pianeta Giove,68,144,Roma,RM,Roma,Lazio
17299,Via Del Pianeta Giove,68,144,Roma,RM,Roma,Lazio
17300,Via Del Pianeta Giove,68,144,Roma,RM,Roma,Lazio
17301,Via Ostiense,53,154,Roma,RM,Roma,Lazio
17302,Via Ostiense,53,154,Roma,RM,Roma,Lazio
17303,Via Ostiense,53,154,Roma,RM,Roma,Lazio
17304,Piazzale Cina,60,144,Roma,RM,Roma,Lazio
17305,Viale Dell'esercito,62/f,143,Roma,RM,Roma,Lazio
17306,Viale Dell'esercito,62/f,143,Roma,RM,Roma,Lazio
17307,Viale Dell'esercito,62/f,143,Roma,RM,Roma,Lazio
17308,Via Casilina,478/478A,177,Roma,RM,Roma,Lazio
17309,Via Casilina,474 a/b,177,Roma,RM,Roma,Lazio
17310,Via Casilina,474 a/b,177,Roma,RM,Roma,Lazio
17311,Via Nocera Umbra,184/186,181,Roma,RM,Roma,Lazio
17312,Via Britannia,2/4/6,183,Roma,RM,Roma,Lazio
17313,Via Fiume Bianco,46,144,Roma,RM,Roma,Lazio
17314,Piazza Montecastrilli,13,181,Roma,RM,Roma,Lazio
17315,Piazza Montecastrilli,13,181,Roma,RM,Roma,Lazio
17316,Piazza Montecastrilli,13,181,Roma,RM,Roma,Lazio
17317,Via A. Baccarini,22/c,179,Roma,RM,Roma,Lazio
17318,Via A. Baccarini,22/c,179,Roma,RM,Roma,Lazio
17319,Via Luigi Caffaro,9,154,Roma,RM,Roma,Lazio
17320,Via Luigi Caffaro,9,154,Roma,RM,Roma,Lazio
17321,Via Luigi Caffaro,9,154,Roma,RM,Roma,Lazio
17322,Via Luigi Caffaro,9,154,Roma,RM,Roma,Lazio
17323,Via Castelforte,29,171,Roma,RM,Roma,Lazio
17324,Via Castelforte,29,171,Roma,RM,Roma,Lazio
17325,Via Castelforte,29,171,Roma,RM,Roma,Lazio
17326,Via Castelforte,29,171,Roma,RM,Roma,Lazio
17327,Via Castelforte,29,171,Roma,RM,Roma,Lazio
17328,Via Simone Martini,34/36,142,Roma,RM,Roma,Lazio
17329,Via Simone Martini,34/36,143,Roma,RM,Roma,Lazio
17330,Via Simone Martini,34/36,143,Roma,RM,Roma,Lazio
17331,Via Cesare Pavese,96/C,144,Roma,RM,Roma,Lazio
17332,Via Cesare Pavese,100/O,144,Roma,RM,Roma,Lazio
17333,Via Cesare Pavese,96/C,144,Roma,RM,Roma,Lazio
17334,Viale Dell'aereonautica,37,144,Roma,RM,Roma,Lazio
17335,Circonvallazione Ostiense,218,154,Roma,RM,Roma,Lazio
17336,Via Rocca Priora,60,179,Roma,RM,Roma,Lazio
17337,Via G. Trevis,60/68,147,Roma,RM,Roma,Lazio
17338,Largo Pannonia,4/5/6,183,Roma,RM,Roma,Lazio
17339,Largo Pannonia,4/5/6/7,183,Roma,RM,Roma,Lazio
17340,Largo Pannonia,4/5/6/7,183,Roma,RM,Roma,Lazio
17341,Largo Pannonia,4/5/6,183,Roma,RM,Roma,Lazio
17342,Largo Pannonia,4/5/6/7,183,Roma,RM,Roma,Lazio
17343,Via Ostiense,85-85/A,154,Roma,RM,Roma,Lazio
17344,Piazza Ronchi,2,177,Roma,RM,Roma,Lazio
17345,Viale Eroi Di Cefalonia,109,128,Roma,RM,Roma,Lazio
17346,Viale Eroi Di Cefalonia,109,128,Roma,RM,Roma,Lazio
17347,Via Vittorio De Sica,32,123,Roma,RM,Roma,Lazio
17348,Via M. V. Coronelli,46,176,Roma,RM,Roma,Lazio
17349,Via Augusto Dulceri,19,176,Roma,RM,Roma,Lazio
17350,Via Tommaso Da Celano,122,179,Roma,RM,Roma,Lazio
17351,Via Tommaso Da Celano,122,179,Roma,RM,Roma,Lazio
17352,Via Adolfo Omodeo,66/68,179,Roma,RM,Roma,Lazio
17353,Piazza S. M. Ausiliatrice,39-40,181,Roma,RM,Roma,Lazio
17354,Via Casilina,439/B,176,Roma,RM,Roma,Lazio
17355,Via Dell'acqua Bullicante,202,177,Roma,RM,Roma,Lazio
17356,Via Dell'acqua Bullicante,202,177,Roma,RM,Roma,Lazio
17357,Via Dell'acqua Bullicante,202,177,Roma,RM,Roma,Lazio
17358,Via Dell'acqua Bullicante,202,177,Roma,RM,Roma,Lazio
17359,Via Dell'acqua Bullicante,202,177,Roma,RM,Roma,Lazio
17360,Via Dell'acqua Bullicante,202,177,Roma,RM,Roma,Lazio
17361,Via Dell'acqua Bullicante,202,177,Roma,RM,Roma,Lazio
17362,Piazza C. Cantu',2,181,Roma,RM,Roma,Lazio
17363,Piazza Epiro,7,183,Roma,RM,Roma,Lazio
17364,Via Renzo Da Ceri,66,176,Roma,RM,Roma,Lazio
17365,Piazza Cesare Baronio,4/A,179,Roma,RM,Roma,Lazio
17366,Via Accademia Del Cimento,16,147,Roma,RM,Roma,Lazio
17367,Via Sabaudia,71,171,Roma,RM,Roma,Lazio
17368,Via Sabaudia,71,171,Roma,RM,Roma,Lazio
17369,Via Sabaudia,71,171,Roma,RM,Roma,Lazio
17370,Via Della Marranella,41,176,Roma,RM,Roma,Lazio
17371,Piazza Roselle,1,179,Roma,RM,Roma,Lazio
17372,Piazza Roselle,1,179,Roma,RM,Roma,Lazio
17373,Piazza Roselle,1,179,Roma,RM,Roma,Lazio
17374,Piazza Roselle,1,179,Roma,RM,Roma,Lazio
17375,Via Delle Vigne,163,148,Roma,RM,Roma,Lazio
17376,Via Delle Vigne,163,148,Roma,RM,Roma,Lazio
17377,Via Del Trullo,294-296,148,Roma,RM,Roma,Lazio
17378,Via Del Trullo,294-296,148,Roma,RM,Roma,Lazio
17379,Via Del Trullo,294-296,148,Roma,RM,Roma,Lazio
17380,Via Della Consolata,7/9,164,Roma,RM,Roma,Lazio
17381,Via Della Consolata,7/9,164,Roma,RM,Roma,Lazio
17382,Via Della Consolata,7/9,164,Roma,RM,Roma,Lazio
17383,Via Della Consolata,7/9,164,Roma,RM,Roma,Lazio
17384,Via G. Ricci Curbastro,3,149,Roma,RM,Roma,Lazio
17385,Via G. Ricci Curbastro,3,149,Roma,RM,Roma,Lazio
17386,Via Avicenna,8/10,146,Roma,RM,Roma,Lazio
17387,Via A. G. Barrili,7,152,Roma,RM,Roma,Lazio
17388,Viale Trastevere,229,153,Roma,RM,Roma,Lazio
17389,Via Portuense,470,149,Roma,RM,Roma,Lazio
17390,Via Portuense,468,149,Roma,RM,Roma,Lazio
17391,Via Portuense,470,149,Roma,RM,Roma,Lazio
17392,Largo Bilancioni,8/11 (Via Pio Fo),152,Roma,RM,Roma,Lazio
17393,Largo Bilancioni,8/11 (Via Pio Fo),152,Roma,RM,Roma,Lazio
17394,Largo Bilancioni,8/11 (Via Pio Fo),152,Roma,RM,Roma,Lazio
17395,Via S. Pantaleo Campano,28/d,149,Roma,RM,Roma,Lazio
17396,Via S. Pantaleo Campano,28/d,149,Roma,RM,Roma,Lazio
17397,Via Portuense,718,148,Roma,RM,Roma,Lazio
17398,Via Portuense,718,148,Roma,RM,Roma,Lazio
17399,Via Portuense,718,148,Roma,RM,Roma,Lazio
17400,Via Portuense,425,149,Roma,RM,Roma,Lazio
17401,Via Portuense,425,149,Roma,RM,Roma,Lazio
17402,Via Portuense,423,149,Roma,RM,Roma,Lazio
17403,Piazza E. Morelli,23-24,151,Roma,RM,Roma,Lazio
17404,Piazza E. Morelli,23-24,151,Roma,RM,Roma,Lazio
17405,Piazza E. Morelli,23-24,151,Roma,RM,Roma,Lazio
17406,Largo Zabeccari,6,149,Roma,RM,Roma,Lazio
17407,Largo Zabeccari,6,149,Roma,RM,Roma,Lazio
17408,Piazza S. Giovanni Di Dio,14,152,Roma,RM,Roma,Lazio
17409,Piazza S. Giovanni Di Dio,14,152,Roma,RM,Roma,Lazio
17410,Via Vidaschi,1-2,152,Roma,RM,Roma,Lazio
17411,P.za S. Giovanni Di Dio,14,152,Roma,RM,Roma,Lazio
17412,Piazza S. Giovanni Di Dio,14,152,Roma,RM,Roma,Lazio
17413,Piazza A.f.doria Pamphili,14,149,Roma,RM,Roma,Lazio
17414,Piazza Della Radio,39 39/A,146,Roma,RM,Roma,Lazio
17415,Piazza Della Radio,39 39/A,146,Roma,RM,Roma,Lazio
17416,Via G. Carini,42,153,Roma,RM,Roma,Lazio
17417,Via G. Carini,42,153,Roma,RM,Roma,Lazio
17418,Via G. Carini,44,152,Roma,RM,Roma,Lazio
17425,Via Camillo Serafini,28,164,Roma,RM,Roma,Lazio
17426,Via Camillo Serafini,28,164,Roma,RM,Roma,Lazio
17427,Via Camillo Serafini,28,164,Roma,RM,Roma,Lazio
17428,Via Della Magliana,191-191/a,146,Roma,RM,Roma,Lazio
17429,Via Della Magliana,191-191/a,146,Roma,RM,Roma,Lazio
17430,Via Prenestina,1206 A/B,155,Roma,RM,Roma,Lazio
17431,Via Prenestina,1206 A/B,155,Roma,RM,Roma,Lazio
17432,Viale Dei Quattro Venti,160 A,152,Roma,RM,Roma,Lazio
17433,Viale Dei Quattro Venti,160 A,152,Roma,RM,Roma,Lazio
17434,Viale Dei Quattro Venti,160 A,152,Roma,RM,Roma,Lazio
17435,Viale Dei Quattro Venti,160 A,152,Roma,RM,Roma,Lazio
17436,Via Della Pisana,370-Edificio E-Negozio A,163,Roma,RM,Roma,Lazio
17437,Via Del Trullo,162/164,148,Roma,RM,Roma,Lazio
17438,Via Del Trullo,162/164,148,Roma,RM,Roma,Lazio
17439,Via Del Trullo,162/164,148,Roma,RM,Roma,Lazio
17440,Viale Dei Promontori,131-133,122,Roma,RM,Roma,Lazio
17441,Via Enrico Fermi,1/3/5,146,Roma,RM,Roma,Lazio
17442,Via G. Fuggetta,76,149,Roma,RM,Roma,Lazio
17443,Via G. Fuggetta,76,149,Roma,RM,Roma,Lazio
17444,Via Sermoneta,10,177,Roma,RM,Roma,Lazio
17445,Via Sermoneta,10,177,Roma,RM,Roma,Lazio
17446,Piazzale E. Dunant,11,152,Roma,RM,Roma,Lazio
17447,Piazzale E. Dunant,11,152,Roma,RM,Roma,Lazio
17448,Piazzale E. Dunant,11 A/B,152,Roma,RM,Roma,Lazio
17449,Via Del Trullo,392,148,Roma,RM,Roma,Lazio
17450,Via Del Trullo,392,148,Roma,RM,Roma,Lazio
17451,Via Della Pisana,106,163,Roma,RM,Roma,Lazio
17452,Via Della Pisana,92,163,Roma,RM,Roma,Lazio
17453,Viale Vicopisano,62,146,Roma,RM,Roma,Lazio
17454,Via Donna Olimpia,194,152,Roma,RM,Roma,Lazio
17455,Via Donna Olimpia,194,152,Roma,RM,Roma,Lazio
17456,Via Val Tellina,94,151,Roma,RM,Roma,Lazio
17457,Via Val Tellina,94,151,Roma,RM,Roma,Lazio
17458,Via Valtellina,94,151,Roma,RM,Roma,Lazio
17459,Via Valtellina,94,151,Roma,RM,Roma,Lazio
17460,Via G. Sirtori,21,149,Roma,RM,Roma,Lazio
17461,Via G. Sirtori,21,149,Roma,RM,Roma,Lazio
17462,Via G. Sirtori,21,149,Roma,RM,Roma,Lazio
17463,Via G. Sirtori,35,149,Roma,RM,Roma,Lazio
17464,Via G. Sirtori,35,149,Roma,RM,Roma,Lazio
17465,Viale Quattro Venti,73/b/c,152,Roma,RM,Roma,Lazio
17466,Viale Quattro Venti,73/b/c,152,Roma,RM,Roma,Lazio
17467,Via S. Gherardi,106,146,Roma,RM,Roma,Lazio
17468,Via Edoardo Jenner,109,151,Roma,RM,Roma,Lazio
17469,Via Dei Colli Portuensi,310/A,151,Roma,RM,Roma,Lazio
17470,Via Dei Colli Portuensi,310/A,151,Roma,RM,Roma,Lazio
17471,Via Pescaglia,29,146,Roma,RM,Roma,Lazio
17472,Via Pescaglia,29,146,Roma,RM,Roma,Lazio
17473,Via Casetta Mattei,202,148,Roma,RM,Roma,Lazio
17474,Via Bravetta,82/84,164,Roma,RM,Roma,Lazio
17475,Via Bravetta,82/84,164,Roma,RM,Roma,Lazio
17476,Via Bravetta,82/84,164,Roma,RM,Roma,Lazio
17477,Piazza Di Spagna,30,149,Roma,RM,Roma,Lazio
17478,Via L. Ruspoli,57,149,Roma,RM,Roma,Lazio
17479,Piazza Di Spagna,30,149,Roma,RM,Roma,Lazio
17480,Via Leopoldo Ruspoli,57,149,Roma,RM,Roma,Lazio
17481,Via G. De Calvi,12,151,Roma,RM,Roma,Lazio
17482,Via G. De Calvi,12,151,Roma,RM,Roma,Lazio
17483,Via E. Rolli,19,153,Roma,RM,Roma,Lazio
17484,Via E. Rolli,19,153,Roma,RM,Roma,Lazio
17485,Via E. Rolli,19,153,Roma,RM,Roma,Lazio
17486,Circ.ne Gianicolense,186/a,152,Roma,RM,Roma,Lazio
17487,Circonvallazione Gianicolense,186/a,152,Roma,RM,Roma,Lazio
17488,Via Federico Torre,27/31,152,Roma,RM,Roma,Lazio
17489,Via Donna Olimpia,25,152,Roma,RM,Roma,Lazio
17490,Via Donna Olimpia,21,152,Roma,RM,Roma,Lazio
17491,Via Donna Olimpia,23,152,Roma,RM,Roma,Lazio
17492,Via F. Bolognesi,27,152,Roma,RM,Roma,Lazio
17493,Via F. Bolognesi,27,152,Roma,RM,Roma,Lazio
17494,Via F. Bolognesi,27,152,Roma,RM,Roma,Lazio
17495,Via F. Bolognesi,27,152,Roma,RM,Roma,Lazio
17496,Via Dell'imbrecciato,124,149,Roma,RM,Roma,Lazio
17497,Via Dell'imbrecciato,124,149,Roma,RM,Roma,Lazio
17498,Viale Trastevere,303/307,153,Roma,RM,Roma,Lazio
17499,Viale Trastevere,305,153,Roma,RM,Roma,Lazio
17500,Viale Trastevere,303/307,153,Roma,RM,Roma,Lazio
17501,Viale Trastevere,303/307,153,Roma,RM,Roma,Lazio
17502,Piazza Pietro Merolli,18,151,Roma,RM,Roma,Lazio
17503,Piazza Pietro Merolli,18,151,Roma,RM,Roma,Lazio
17504,Piazza Pietro Merolli,18,151,Roma,RM,Roma,Lazio
17505,Piazza Pietro Merolli,18,151,Roma,RM,Roma,Lazio
17506,Via Fonteiana,79/79a,152,Roma,RM,Roma,Lazio
17507,Via Fonteiana,79/79a,152,Roma,RM,Roma,Lazio
17508,Largo Gaetano La Loggia,35,149,Roma,RM,Roma,Lazio
17509,Via G. Ghislieri,21/23,152,Roma,RM,Roma,Lazio
17510,Via G. Ghislieri,21/23,152,Roma,RM,Roma,Lazio
17511,Via Oderisi Da Gubbio,241,146,Roma,RM,Roma,Lazio
17512,Via Oderisi Da Gubbio,241,146,Roma,RM,Roma,Lazio
17513,Via Oderisi Da Gubbio,178,146,Roma,RM,Roma,Lazio
17514,Viale Guglielmo Marconi,312-314,146,Roma,RM,Roma,Lazio
17515,Via Antonio Roiti,9,146,Roma,RM,Roma,Lazio
17516,Via G. Marconi,174 - 174/A,146,Roma,RM,Roma,Lazio
17517,Viale Isacco Newton,92/B,151,Roma,RM,Roma,Lazio
17518,Viale Isacco Newton,92/B,151,Roma,RM,Roma,Lazio
17519,Via Dei Malatesta,5 a/b,164,Roma,RM,Roma,Lazio
17520,Via Dei Malatesta,5 a/b,164,Roma,RM,Roma,Lazio
17521,Viale Marconi,107,146,Roma,RM,Roma,Lazio
17522,Viale Marconi,107,146,Roma,RM,Roma,Lazio
17523,Viale Marconi,107,146,Roma,RM,Roma,Lazio
17527,Via Della Magliana,134/b,146,Roma,RM,Roma,Lazio
17528,Via Federico Ozanam,57/a,152,Roma,RM,Roma,Lazio
17529,Via Federico Ozanam,57/a,152,Roma,RM,Roma,Lazio
17530,Largo S.vincenzo De Paoli,5,152,Roma,RM,Roma,Lazio
17531,Via P. Cartoni,183/185,152,Roma,RM,Roma,Lazio
17532,Largo S.vincenzo De Paoli,5,152,Roma,RM,Roma,Lazio
17533,Via P. Cartoni,183/185,152,Roma,RM,Roma,Lazio
17534,Viale Dei Colli Portuensi,475,151,Roma,RM,Roma,Lazio
17535,Via G. Cardano,58,146,Roma,RM,Roma,Lazio
17539,Viale Di Vigna Pia,42/44/46,149,Roma,RM,Roma,Lazio
17540,Viale Di Vigna Pia,42/44/46,149,Roma,RM,Roma,Lazio
17541,Viale Di Vigna Pia,42/44/46,149,Roma,RM,Roma,Lazio
17542,V.le Di Vigna Pia,42/44/46,149,Roma,RM,Roma,Lazio
17543,Viale Di Vigna Pia,42/44/46,149,Roma,RM,Roma,Lazio
17544,Via Colli Portuensi,173/175,151,Roma,RM,Roma,Lazio
17545,Viale Colli Poretuensi,173/175,151,Roma,RM,Roma,Lazio
17546,Viale Colli Portuensi,30/32,151,Roma,RM,Roma,Lazio
17547,Piazza Dei Quiriti,1/2,192,Roma,RM,Roma,Lazio
17548,Piazza Dei Quiriti,1/2,192,Roma,RM,Roma,Lazio
17549,Piazza Dei Quiriti,1/2,192,Roma,RM,Roma,Lazio
17550,Piazza Dei Quiriti,1/2,192,Roma,RM,Roma,Lazio
17551,Via Crescenzio,57,193,Roma,RM,Roma,Lazio
17552,Via Crescenzio,59,193,Roma,RM,Roma,Lazio
17553,Via Crescenzio,59,193,Roma,RM,Roma,Lazio
17554,Via Trionfale,8764,135,Roma,RM,Roma,Lazio
17555,Via Trionfale,8764,135,Roma,RM,Roma,Lazio
17556,Via Trionfale,8768,135,Roma,RM,Roma,Lazio
17557,Via Trionfale,8768,135,Roma,RM,Roma,Lazio
17558,Via Boccea,254,167,Roma,RM,Roma,Lazio
17559,Via Boccea,254,167,Roma,RM,Roma,Lazio
17560,Via Ennio Bonifazi,12,167,Roma,RM,Roma,Lazio
17561,Via Boccea,254,167,Roma,RM,Roma,Lazio
17562,Via Boccea,254,167,Roma,RM,Roma,Lazio
17563,Via Ennio Bonifazi,12,167,Roma,RM,Roma,Lazio
17564,Via Della Giuliana,20,195,Roma,RM,Roma,Lazio
17565,Via Della Giuliana,20,195,Roma,RM,Roma,Lazio
17566,Via Della Giuliana,24,195,Roma,RM,Roma,Lazio
17567,Via F. Borromeo,13/15,168,Roma,RM,Roma,Lazio
17568,Via F. Borromeo,13/15,168,Roma,RM,Roma,Lazio
17569,Via Aurelia,560,165,Roma,RM,Roma,Lazio
17570,Largo Vigna Stelluti,34/35/36,191,Roma,RM,Roma,Lazio
17571,Largo Vigna Stelluti,34/35/36,191,Roma,RM,Roma,Lazio
17572,Viale Giulio Cesare,209/211,192,Roma,RM,Roma,Lazio
17573,Via Trionfale,11264/11270,135,Roma,RM,Roma,Lazio
17574,Via Trionfale,11264/11270,135,Roma,RM,Roma,Lazio
17575,Via Trionfale,11264/11270,135,Roma,RM,Roma,Lazio
17576,Via Trionfale,11264/11270,135,Roma,RM,Roma,Lazio
17577,Via Candia,28,192,Roma,RM,Roma,Lazio
17578,Viale Cola Di Rienzo,124,192,Roma,RM,Roma,Lazio
17579,V.le Cola Di Rienzo,124,192,Roma,RM,Roma,Lazio
17580,Viale Cola Di Rienzo,124,192,Roma,RM,Roma,Lazio
17581,V.le Cola Di Rienzo,124,192,Roma,RM,Roma,Lazio
17582,P.za Della Liberta',5/6,192,Roma,RM,Roma,Lazio
17583,Via Don Primo Mazzolari,220,132,Roma,RM,Roma,Lazio
17584,Largo Donaggio,9/10,168,Roma,RM,Roma,Lazio
17585,Largo Donaggio,9/10,168,Roma,RM,Roma,Lazio
17586,Piazza Capecelatro,7,168,Roma,RM,Roma,Lazio
17587,Piazza Capecelatro,7,168,Roma,RM,Roma,Lazio
17588,Via S. Bernadette,55,167,Roma,RM,Roma,Lazio
17589,Via S. Bernadette,55,167,Roma,RM,Roma,Lazio
17590,Via S. Bernadette,55,167,Roma,RM,Roma,Lazio
17591,Via S. Bernadette,55,167,Roma,RM,Roma,Lazio
17592,Via S. Bernadette,55,167,Roma,RM,Roma,Lazio
17593,Via Pietro Maffi,74 A e B,168,Roma,RM,Roma,Lazio
17594,Via Pietro Maffi,74 A e B,168,Roma,RM,Roma,Lazio
17595,Piazzale Clodio,54,195,Roma,RM,Roma,Lazio
17596,Piazzale Clodio,54,195,Roma,RM,Roma,Lazio
17597,Via Giuseppe Girolami,6,168,Roma,RM,Roma,Lazio
17598,Via Giuseppe Girolami,6,168,Roma,RM,Roma,Lazio
17599,Via Giuseppe Girolami,6,168,Roma,RM,Roma,Lazio
17600,Via Giuseppe Girolami,6,168,Roma,RM,Roma,Lazio
17601,Via Fosso Del Poggio,9/a,189,Roma,RM,Roma,Lazio
17602,Via Di Grottarossa,161-161/A,189,Roma,RM,Roma,Lazio
17603,Via Fosso Del Poggio,9,189,Roma,RM,Roma,Lazio
17604,Via Aurelia,712/D,165,Roma,RM,Roma,Lazio
17605,Via Aurelia,712/D,165,Roma,RM,Roma,Lazio
17606,Via Aurelia,670/D,165,Roma,RM,Roma,Lazio
17607,Via D. Galimberti,21/23,136,Roma,RM,Roma,Lazio
17608,Via D. Galimberti,21/23,136,Roma,RM,Roma,Lazio
17609,Via D. Galimberti,21/23,136,Roma,RM,Roma,Lazio
17610,Viale Di Valle Aurelia,73 A/B,167,Roma,RM,Roma,Lazio
17611,Via Giuseppe Bonaccorsi,32,167,Roma,RM,Roma,Lazio
17612,Via Gregorio Vii,129,165,Roma,RM,Roma,Lazio
17613,Via Gregorio Vii,129/131,165,Roma,RM,Roma,Lazio
17614,Via Gregorio Vii,129,165,Roma,RM,Roma,Lazio
17615,Piazzale Gregorio Vii,20/21,165,Roma,RM,Roma,Lazio
17616,P.le Gregorio Vii,20/21,165,Roma,RM,Roma,Lazio
17617,P.le Gregorio Vii,20/21,165,Roma,RM,Roma,Lazio
17618,Via P. Maffi,115,168,Roma,RM,Roma,Lazio
17619,Via P. Maffi,130,168,Roma,RM,Roma,Lazio
17620,Via P. Maffi,115,168,Roma,RM,Roma,Lazio
17621,Via De Viti De Marco,48/D/E,191,Roma,RM,Roma,Lazio
17622,Via Di Villa Severini,34,191,Roma,RM,Roma,Lazio
17623,Via Di Villa Severini,34,191,Roma,RM,Roma,Lazio
17624,Via Flaminia Nuova,248,191,Roma,RM,Roma,Lazio
17625,Via L. Bodio,73,191,Roma,RM,Roma,Lazio
17626,Via L. Bodio,73,191,Roma,RM,Roma,Lazio
17627,Via Mattia Battistini,67,167,Roma,RM,Roma,Lazio
17628,Via Mattia Battistini,67,167,Roma,RM,Roma,Lazio
17629,Largo Giannina Milli,17-18-18/a,135,Roma,RM,Roma,Lazio
17630,Largo Giannina Milli,17-18-18/a,135,Roma,RM,Roma,Lazio
17631,Largo Giannina Milli,17-18-18/a,135,Roma,RM,Roma,Lazio
17632,Via Cassia,840,189,Roma,RM,Roma,Lazio
17633,Via Cassia,838/842,189,Roma,RM,Roma,Lazio
17634,Via Cassia,838/842,189,Roma,RM,Roma,Lazio
17635,Via San Pio X,1/a,193,Roma,RM,Roma,Lazio
17636,Via Borgo Pio,44/A,193,Roma,RM,Roma,Lazio
17637,Via Borgo Pio,44/A,193,Roma,RM,Roma,Lazio
17638,Borgo Pio,44/A,193,Roma,RM,Roma,Lazio
17639,Largo Cervinia,23,135,Roma,RM,Roma,Lazio
17640,Largo Cervinia,23,135,Roma,RM,Roma,Lazio
17641,Via Cassia,1346/1348,123,Roma,RM,Roma,Lazio
17642,Via Cassia,1346/1348,123,Roma,RM,Roma,Lazio
17643,Via Cassia,648/B,189,Roma,RM,Roma,Lazio
17644,Via Cassia,648/B,189,Roma,RM,Roma,Lazio
17645,Via Cassia,648,189,Roma,RM,Roma,Lazio
17646,Via Cassia,648,189,Roma,RM,Roma,Lazio
17647,Via Nosate,10-18,166,Roma,RM,Roma,Lazio
17648,Via Nosate,10-18,166,Roma,RM,Roma,Lazio
17649,Via Di Selva Candida,389/A,166,Roma,RM,Roma,Lazio
17650,Via Di Selva Candida,389/A,166,Roma,RM,Roma,Lazio
17651,Via Nosate,10-18,166,Roma,RM,Roma,Lazio
17652,Via Trionfale,118,195,Roma,RM,Roma,Lazio
17653,Via E. Bondi,64,166,Roma,RM,Roma,Lazio
17654,Viacassia,534,189,Roma,RM,Roma,Lazio
17655,Via S. Godenzo,68,189,Roma,RM,Roma,Lazio
17656,Via S. Godenzo,68,189,Roma,RM,Roma,Lazio
17657,Via Emma Carelli,4,168,Roma,RM,Roma,Lazio
17658,Via Emma Carelli,4,168,Roma,RM,Roma,Lazio
17659,Via Circonvallazione Cornelia,289,167,Roma,RM,Roma,Lazio
17660,Via Circonvallazione Cornelia,289,167,Roma,RM,Roma,Lazio
17661,Via G.d. Paracciani,12,167,Roma,RM,Roma,Lazio
17662,Via F. Cherubini,34,135,Roma,RM,Roma,Lazio
17663,Via F. Massimo,74/76/78,192,Roma,RM,Roma,Lazio
17664,Via F. Massimo,74/76/78,192,Roma,RM,Roma,Lazio
17665,Via F. Massimo,74/76/78,192,Roma,RM,Roma,Lazio
17666,Via San Giorgio Morgeto,169-173,173,Roma,RM,Roma,Lazio
17667,Via San Giorgio Morgeto,169-173,173,Roma,RM,Roma,Lazio
17668,Via Ferraironi,25,172,Roma,RM,Roma,Lazio
17669,Via Ferraironi,25,172,Roma,RM,Roma,Lazio
17670,Via Simone Saint Bon,91,195,Roma,RM,Roma,Lazio
17671,Via Di Boccea,184,167,Roma,RM,Roma,Lazio
17672,Piazza Risorgimento,44/45,192,Roma,RM,Roma,Lazio
17673,Piazza Risorgimento,44/45,192,Roma,RM,Roma,Lazio
17674,Piazza Risorgimento,44/45,192,Roma,RM,Roma,Lazio
17675,Piazza Risorgimento,44/45,192,Roma,RM,Roma,Lazio
17676,Via Di Valle Muricana,369,188,Roma,RM,Roma,Lazio
17677,Via R. R. Pereira,217/a,136,Roma,RM,Roma,Lazio
17678,Via Archeologia,58,133,Roma,RM,Roma,Lazio
17679,Via Archeologia,58,133,Roma,RM,Roma,Lazio
17680,Via Castano,23/25,133,Roma,RM,Roma,Lazio
17681,Via P. De Calboli,12,195,Roma,RM,Roma,Lazio
17682,Via M. Battistini,184a/b,167,Roma,RM,Roma,Lazio
17683,Via M. Battistini,184a/b,167,Roma,RM,Roma,Lazio
17684,Via Trionfale,8578,135,Roma,RM,Roma,Lazio
17685,Via Trionfale,8578,135,Roma,RM,Roma,Lazio
17686,Via Trionfale,8578,135,Roma,RM,Roma,Lazio
17687,Viale Angelico,86,195,Roma,RM,Roma,Lazio
17688,V.le A. Ciamarra,98/100,173,Roma,RM,Roma,Lazio
17689,V.le A. Ciamarra,66/68,173,Roma,RM,Roma,Lazio
17690,V.le A. Ciamarra,98/100,173,Roma,RM,Roma,Lazio
17691,Corso Francia,172-174-176,191,Roma,RM,Roma,Lazio
17692,Corso Francia,172-174-176,191,Roma,RM,Roma,Lazio
17693,Corso Francia,176,191,Roma,RM,Roma,Lazio
17694,Corso Francia,172-174-176,191,Roma,RM,Roma,Lazio
17695,Corso Francia,172-174-176,191,Roma,RM,Roma,Lazio
17696,Via Cassia,942,189,Roma,RM,Roma,Lazio
17697,Via Della Cellulosa,42/42A,166,Roma,RM,Roma,Lazio
17698,Via Della Cellulosa,42,166,Roma,RM,Roma,Lazio
17699,Via Gregorio Vii,154/a,165,Roma,RM,Roma,Lazio
17700,Via Gregorio Vii,154/a,165,Roma,RM,Roma,Lazio
17701,Via Gregorio Vii,154/a,165,Roma,RM,Roma,Lazio
17702,Via Oslavia,66,195,Roma,RM,Roma,Lazio
17703,Via Oslavia,66,195,Roma,RM,Roma,Lazio
17704,Via Clemente X,47,167,Roma,RM,Roma,Lazio
17705,Via Calisto Ii,20,167,Roma,RM,Roma,Lazio
17706,Via Calisto Ii,20,167,Roma,RM,Roma,Lazio
17707,Via Monti Della Valchetta,74-76-76/A-76/B,188,Roma,RM,Roma,Lazio
17708,Via Monti Della Valchetta,74-76-76/A-76/B,188,Roma,RM,Roma,Lazio
17709,Via Del Torraccio Di Torrenova,93,133,Roma,RM,Roma,Lazio
17710,Via Cipro,42/44,136,Roma,RM,Roma,Lazio
17711,Via Cipro,42/44,136,Roma,RM,Roma,Lazio
17712,Piazzale Medaglie D'oro,73,136,Roma,RM,Roma,Lazio
17713,Largo Maccagno,16/a,136,Roma,RM,Roma,Lazio
17714,Via Romeo Rodriguez Pereira,154,136,Roma,RM,Roma,Lazio
17715,Via Cornelia,65,166,Roma,RM,Roma,Lazio
17716,Via Cornelia,63/65,166,Roma,RM,Roma,Lazio
17717,Via Cornelia,48/b,166,Roma,RM,Roma,Lazio
17718,Via Cornelia,63/65,166,Roma,RM,Roma,Lazio
17719,Via Della Villa Di Livia,90,188,Roma,RM,Roma,Lazio
17720,Via Della Villa Di Livia,90,188,Roma,RM,Roma,Lazio
17721,Via Della Villa Di Livia,44,188,Roma,RM,Roma,Lazio
17722,Piazza Pio Xi,30,165,Roma,RM,Roma,Lazio
17723,Piazza Pio Xi,30,165,Roma,RM,Roma,Lazio
17724,Via Accursio,6/B,165,Roma,RM,Roma,Lazio
17725,Via Di Boccea,43,165,Roma,RM,Roma,Lazio
17726,Via Flaminia Vecchia,673,191,Roma,RM,Roma,Lazio
17727,Via Flaminia Vecchia,673,191,Roma,RM,Roma,Lazio
17728,Via Flaminia Vecchia,673,191,Roma,RM,Roma,Lazio
17729,Piazza Cola Di Rienzo,31,192,Roma,RM,Roma,Lazio
17730,Piazza Cola Di Rienzo,31,192,Roma,RM,Roma,Lazio
17731,Piazza Cola Di Rienzo,31,192,Roma,RM,Roma,Lazio
17732,Piazza Cola Di Rienzo,31,192,Roma,RM,Roma,Lazio
17733,Via Della Farnesina,145/147,194,Roma,RM,Roma,Lazio
17734,Via Della Farnesina,145/147,194,Roma,RM,Roma,Lazio
17735,Via F. Nicolai,105,136,Roma,RM,Roma,Lazio
17736,Via F. Nicolai,105,136,Roma,RM,Roma,Lazio
17737,Via Della Balduina,132,136,Roma,RM,Roma,Lazio
17738,Via Della Balduina,132,136,Roma,RM,Roma,Lazio
17739,Via Della Balduina,132,136,Roma,RM,Roma,Lazio
17740,Via Degli Scipioni,59,192,Roma,RM,Roma,Lazio
17741,Via Degli Scipioni,59,192,Roma,RM,Roma,Lazio
17742,Via Cogoleto,100/102,168,Roma,RM,Roma,Lazio
17743,Via Cogoleto,100/102,168,Roma,RM,Roma,Lazio
17744,Via Del Millesimo,25,168,Roma,RM,Roma,Lazio
17745,Via L. Settembrini,29/31,195,Roma,RM,Roma,Lazio
17746,Via Leone Iv,34,192,Roma,RM,Roma,Lazio
17747,Via Leone Iv,34,192,Roma,RM,Roma,Lazio
17748,Via Del Forte Braschi,20,167,Roma,RM,Roma,Lazio
17749,Via Jacopo Magnolino,1,133,Roma,RM,Roma,Lazio
17750,Via Jacopo Magnolino,1,133,Roma,RM,Roma,Lazio
17751,Via Jacopo Magnolino,1,133,Roma,RM,Roma,Lazio
17752,Via Jacopo Magnolino,1,133,Roma,RM,Roma,Lazio
17753,Via Jacopo Magnolino,1,133,Roma,RM,Roma,Lazio
17754,Via Di Carcaricola,85,133,Roma,RM,Roma,Lazio
17755,Via Casalotti,1/c 1/d,166,Roma,RM,Roma,Lazio
17756,Piazzale Ponte Milvio,15,191,Roma,RM,Roma,Lazio
17757,Largo A. Gemelli,11,168,Roma,RM,Roma,Lazio
17758,Largo A. Gemelli,11,168,Roma,RM,Roma,Lazio
17759,Via Baldo Degli Ubaldi,196/B,167,Roma,RM,Roma,Lazio
17760,Via Baldo Degli Ubaldi,97,167,Roma,RM,Roma,Lazio
17761,Via Baldo Degli Ubaldi,97,167,Roma,RM,Roma,Lazio
17762,Via Baldo Degli Ubaldi,97,167,Roma,RM,Roma,Lazio
17763,Via Baldo Degli Ubaldi,97,167,Roma,RM,Roma,Lazio
17764,Via Tibullo,4,193,Roma,RM,Roma,Lazio
17765,Via F. Cesi,9/11,193,Roma,RM,Roma,Lazio
17766,Via F. Cesi,9/11,193,Roma,RM,Roma,Lazio
17767,Via F. Cesi,9/11,193,Roma,RM,Roma,Lazio
17768,Via Anguillarese,111/113,123,Roma,RM,Roma,Lazio
17769,Via Gregorio Xi,134,166,Roma,RM,Roma,Lazio
17770,Via Gregorio Xi,134,166,Roma,RM,Roma,Lazio
17771,Via Gregorio Xi,134,166,Roma,RM,Roma,Lazio
17772,Via Gregorio Xi,134,166,Roma,RM,Roma,Lazio
17773,Via Cola Di Rienzo,215,192,Roma,RM,Roma,Lazio
17774,Via Cola Di Rienzo,215,192,Roma,RM,Roma,Lazio
17775,Via Cola Di Rienzo,215,192,Roma,RM,Roma,Lazio
17776,Via Bevagna,37 - P.zza M. da Spoleto 34,191,Roma,RM,Roma,Lazio
17777,Via Germanico,87/91,192,Roma,RM,Roma,Lazio
17778,Via Germanico,87/91,192,Roma,RM,Roma,Lazio
17779,Via Germanico,87/91,192,Roma,RM,Roma,Lazio
17780,Via Della Stazione Di Ottavia,96,135,Roma,RM,Roma,Lazio
17781,Via Della Stazione Di Ottavia,96,135,Roma,RM,Roma,Lazio
17782,Via Pineta Sacchetti,412-412a,168,Roma,RM,Roma,Lazio
17783,Via Pineta Sacchetti,464,168,Roma,RM,Roma,Lazio
17784,Via Pineta Sacchetti,412-412a,168,Roma,RM,Roma,Lazio
17785,Via Pineta Sacchetti,464,168,Roma,RM,Roma,Lazio
17786,Viale Medaglie D'oro,417,136,Roma,RM,Roma,Lazio
17787,Viale Antonio Ciamarra,235/237,173,Roma,RM,Roma,Lazio
17788,Viale Antonio Ciamarra,235,173,Roma,RM,Roma,Lazio
17789,Viale Antonio Ciamarra,235,173,Roma,RM,Roma,Lazio
17790,Viale Antonio Ciamarra,235,173,Roma,RM,Roma,Lazio
17791,Via Delle Galline Bianche,snc,188,Roma,RM,Roma,Lazio
17792,Piazza Carlo Mazzaresi,40,136,Roma,RM,Roma,Lazio
17793,Piazza C. Mazzaresi,40,136,Roma,RM,Roma,Lazio
17794,Piazza Monte Gaudio,25,135,Roma,RM,Roma,Lazio
17795,P.za Monte Gaudio,25,135,Roma,RM,Roma,Lazio
17796,Piazza Monte Gaudio,25,135,Roma,RM,Roma,Lazio
17797,Via M. Dionigi,31,193,Roma,RM,Roma,Lazio
17798,Via M. Dionigi,31,193,Roma,RM,Roma,Lazio
17799,Via Trionfale,8291,135,Roma,RM,Roma,Lazio
17800,Via Trionfale,8291,135,Roma,RM,Roma,Lazio
17801,Via Trionfale,8291,135,Roma,RM,Roma,Lazio
17802,Via Trionfale,8291,135,Roma,RM,Roma,Lazio
17803,Via A. Doria,31,192,Roma,RM,Roma,Lazio
17804,Via A. Doria,35,192,Roma,RM,Roma,Lazio
17805,Via Andronico,8,136,Roma,RM,Roma,Lazio
17806,Via Andronico,8,136,Roma,RM,Roma,Lazio
17807,Circonvallazione Trionfale,57/A,195,Roma,RM,Roma,Lazio
17808,Circonvallazione Trionfale,57/A,195,Roma,RM,Roma,Lazio
17809,Via Flaminia,719/A,191,Roma,RM,Roma,Lazio
17810,Via Flaminia,719/A,191,Roma,RM,Roma,Lazio
17811,Via Flaminia,719/A,191,Roma,RM,Roma,Lazio
17812,Via Di Torrevecchia,308,168,Roma,RM,Roma,Lazio
17813,Via Angelo Emo,18,136,Roma,RM,Roma,Lazio
17814,Via Angelo Emo,18,136,Roma,RM,Roma,Lazio
17815,Via Angelo Emo,18,136,Roma,RM,Roma,Lazio
17816,Via Monti Di Primavalle,187,167,Roma,RM,Roma,Lazio
17817,Via Monti Di Primavalle,187,167,Roma,RM,Roma,Lazio
17818,Via Monti Di Creta,82,167,Roma,RM,Roma,Lazio
17819,Via Monti Di Creta,82,167,Roma,RM,Roma,Lazio
17820,Largo Porta Cavalleggeri,3,165,Roma,RM,Roma,Lazio
17821,Via Gregorio Vii,63,165,Roma,RM,Roma,Lazio
17822,Via Monte Del Gallo,10-12,165,Roma,RM,Roma,Lazio
17823,Via Gregorio Vii,63,165,Roma,RM,Roma,Lazio
17824,Via Gregorio Vii,63,165,Roma,RM,Roma,Lazio
17825,Piazza Irnerio,40-41,165,Roma,RM,Roma,Lazio
17826,Viale Angelico,79,195,Roma,RM,Roma,Lazio
17827,Via Cicerone,30,193,Roma,RM,Roma,Lazio
17828,Via Cicerone,30,193,Roma,RM,Roma,Lazio
17902,Via Dei Sampieri,6 - Complesso IACP,148,Roma,RM,Roma,Lazio
17903,Via Dei Sampieri,6 - Complesso IACP,148,Roma,RM,Roma,Lazio
17919,Via Degli Ammiragli,52,136,Roma,RM,Roma,Lazio
17920,Via Degli Ammiragli,52,136,Roma,RM,Roma,Lazio
17921,Via Degli Ammiragli,52,136,Roma,RM,Roma,Lazio
17925,Via Madonna Del Riposo,121,165,Roma,RM,Roma,Lazio
17926,Via Madonna Del Riposo,125,165,Roma,RM,Roma,Lazio
17927,Via Madonna Del Riposo,125,165,Roma,RM,Roma,Lazio
18033,Viale Cesare Pavese,310,144,Roma,RM,Roma,Lazio
18034,Viale Cesare Pavese,310,144,Roma,RM,Roma,Lazio
18035,Viale Cesare Pavese,310,144,Roma,RM,Roma,Lazio
18199,Via Torcegno,45,122,Roma,RM,Roma,Lazio
18200,Via Torcegno,45,122,Roma,RM,Roma,Lazio
18440,Piazza G. Mosca,13,148,Roma,RM,Roma,Lazio
18441,P.za G. Mosca,13,148,Roma,RM,Roma,Lazio
18442,P.za G. Mosca,13,148,Roma,RM,Roma,Lazio
18443,Via Petralia Sottana,55,132,Roma,RM,Roma,Lazio
18755,Via Casalotti,185,166,Roma,RM,Roma,Lazio
18756,Via Casalotti,140/146,166,Roma,RM,Roma,Lazio
18757,Via Casalotti,185,166,Roma,RM,Roma,Lazio
18993,Via Del Golf,12,194,Roma,RM,Roma,Lazio
18994,Via Del Golf,12,194,Roma,RM,Roma,Lazio
18995,Via Casal Del Marmo,368-370,135,Roma,RM,Roma,Lazio
18996,Via Casal Del Marmo,368-370,135,Roma,RM,Roma,Lazio
33304,Viale Ronaldo Vignali,66,00173,Roma,RM,Roma,Lazio
33305,Viale Ronaldo Vignali,66,00173,Roma,RM,Roma,Lazio
33306,Viale Ronaldo Vignali,66,00173,Roma,RM,Roma,Lazio
34515,Via Di Torrevecchia,555-557,00168,Roma,RM,Roma,Lazio
34516,Via Di Torrevecchia,555-557,00168,Roma,RM,Roma,Lazio
34590,Via Ottone Fattiboni,206,00126,Roma,RM,Roma,Lazio
34591,Viale G. Cervi,14/30,00139,Roma,RM,Roma,Lazio
34592,Viale G. Cervi,14/30,00139,Roma,RM,Roma,Lazio
34593,Viale G. Cervi,14/30,00139,Roma,RM,Roma,Lazio
34601,Via Marino Ghetaldi,30,00143,Roma,RM,Roma,Lazio
34602,Via Marino Ghetaldi,30,00143,Roma,RM,Roma,Lazio
34603,Via Marino Ghetaldi,24,00143,Roma,RM,Roma,Lazio
34604,Via Gasperina,199,00173,Roma,RM,Roma,Lazio
34605,Via Gasperina,232/236,00173,Roma,RM,Roma,Lazio
34608,Viale Cortina D'ampezzo,317,00135,Roma,RM,Roma,Lazio
34609,Viale Cortina D'ampezzo,317,00135,Roma,RM,Roma,Lazio
34610,Viale Cortina D'ampezzo,317,00135,Roma,RM,Roma,Lazio
34611,Via Ginosa,24,00132,Roma,RM,Roma,Lazio
34612,Via Ginosa,24,00132,Roma,RM,Roma,Lazio
34613,Via Andria,78/80,00132,Roma,RM,Roma,Lazio
34626,Via Di Tor San Giovanni,167-169,00139,Roma,RM,Roma,Lazio
34627,Via Di Tor San Giovanni,167-169,00139,Roma,RM,Roma,Lazio
34628,Via Di Tor San Giovanni,167-169,00139,Roma,RM,Roma,Lazio
34707,Via Petralia Sottana,55,00132,Roma,RM,Roma,Lazio
34708,Via Petralia Sottana,55-57,00132,Roma,RM,Roma,Lazio
34722,Via Giacomo Caneva,15/17,00142,Roma,RM,Roma,Lazio
34723,Via Giacomo Caneva,15/17,00142,Roma,RM,Roma,Lazio
34881,Via Vittorio De Sica,32,00123,Roma,RM,Roma,Lazio
35237,Via Amsterdam,78/80,00144,Roma,RM,Roma,Lazio
35238,Via Oslo,15,00144,Roma,RM,Roma,Lazio
35239,Via Oslo,15,00144,Roma,RM,Roma,Lazio
35240,Via Amsterdam,78/80,00144,Roma,RM,Roma,Lazio
35241,Via Oslo,15,00144,Roma,RM,Roma,Lazio
35253,Via Lucio Lombardo Radice,38,00143,Roma,RM,Roma,Lazio
35464,Lungotevere Castello,2,00193,Roma,RM,Roma,Lazio
35465,Lungotevere Castello,2,00193,Roma,RM,Roma,Lazio
35519,Largo Della Primavera,16/C,00171,Roma,RM,Roma,Lazio
35572,Via M.migliarini,49,00173,Roma,RM,Roma,Lazio
35634,Via Pietro Marchisio,91-97,00173,Roma,RM,Roma,Lazio
35635,Via Pietro Marchisio,91-97,00173,Roma,RM,Roma,Lazio
35659,Via Tiburtina,348,00157,Roma,RM,Roma,Lazio
35713,Viale Egidio Galbani,69/71,00156,Roma,RM,Roma,Lazio
35952,Via Diego Angeli,59,00159,Roma,RM,Roma,Lazio
35953,Via Diego Angeli,59,00159,Roma,RM,Roma,Lazio
35955,Via Diego Angeli,59,00159,Roma,RM,Roma,Lazio
36037,Via A. Millevoi,37,00143,Roma,RM,Roma,Lazio
36038,Via A. Millevoi,37,00143,Roma,RM,Roma,Lazio
36039,Piazza Barberini,10,00187,Roma,RM,Roma,Lazio
36040,Via Don Primo Mazzolari,220,00132,Roma,RM,Roma,Lazio
36041,Via Don Primo Mazzolari,220,00132,Roma,RM,Roma,Lazio
36049,Via Macchia Saponara,90,00125,Roma,RM,Roma,Lazio
36177,Via Caselle Torinese,1,00166,Roma,RM,Roma,Lazio
36178,Via Caselle Torinese,1,00166,Roma,RM,Roma,Lazio
36469,Via Della Massimilla,174/176,00166,Roma,RM,Roma,Lazio
36470,Via Della Massimilla,174/176,00166,Roma,RM,Roma,Lazio
37007,Via Casilina,2023-2025,00132,Roma,RM,Roma,Lazio
37008,Via Casilina,2023-2025,00132,Roma,RM,Roma,Lazio
37009,Via Casilina,2023-2025,00132,Roma,RM,Roma,Lazio
37010,Via Casilina,2023-2025,00132,Roma,RM,Roma,Lazio
37906,Piazza Attilio Omodei Zorini,45/46/47,00166,Roma,RM,Roma,Lazio
37907,Via Renato Fucini,70/72,00137,Roma,RM,Roma,Lazio
37908,Via Renato Fucini,70/72,00137,Roma,RM,Roma,Lazio
37927,Via Di Vallerano,80,00128,Roma,RM,Roma,Lazio
37928,Via Di Vallerano,80,00128,Roma,RM,Roma,Lazio
37938,Via Andrea Del Castagno,28,00142,Roma,RM,Roma,Lazio
37950,Via Cassia,1661/1663,00123,Roma,RM,Roma,Lazio
37958,Viale Gaetano Arturo Crocco,21,00148,Roma,RM,Roma,Lazio
37959,Via Dell'acqua Traversa,249,00135,Roma,RM,Roma,Lazio
37960,Via Luigi Capuana,121,00137,Roma,RM,Roma,Lazio
37962,Via Conca D'oro,213-217,00141,Roma,RM,Roma,Lazio
37963,Via Monte Giberto,23,00138,Roma,RM,Roma,Lazio
37964,Via Ruggero Orlando,46/48,-,Roma,RM,Roma,Lazio
37965,Via Ruggero Orlando,46/48,00168,Roma,RM,Roma,Lazio
37971,Via Eschilo,80/E,00125,Roma,RM,Roma,Lazio
37980,Via Campo Farnia,126,00178,Roma,RM,Roma,Lazio
37981,Via Prenestina,686d-692-694,00155,Roma,RM,Roma,Lazio
37983,Via Di Bravetta,768,00164,Roma,RM,Roma,Lazio
38001,Viale Palmiro Togliatti,624,00172,Roma,RM,Roma,Lazio
38002,Viale Palmiro Togliatti,624,00172,Roma,RM,Roma,Lazio
38003,Viale Palmiro Togliatti,624,00172,Roma,RM,Roma,Lazio
38004,Via Di Boccea,1056,00166,Roma,RM,Roma,Lazio
38005,Via Di Boccea,1056,00166,Roma,RM,Roma,Lazio
38006,Via Adolfo Celi,65,00139,Roma,RM,Roma,Lazio
38007,Via Adolfo Celi,65,00139,Roma,RM,Roma,Lazio
38008,Via Umberto Giordano,93/A,00124,Roma,RM,Roma,Lazio
38009,Via Umberto Giordano,93/a,00124,Roma,RM,Roma,Lazio
38024,Via Anagnina,470,00118,Roma,RM,Roma,Lazio
38025,Via Anagnina,470,00118,Roma,RM,Roma,Lazio
38033,Via Tazio Nuvolari,305,00142,Roma,RM,Roma,Lazio
38034,Via Tazio Nuvolari,305,00142,Roma,RM,Roma,Lazio
38055,Via Di Castel Di Leva,263,00134,Roma,RM,Roma,Lazio
38056,Via Di Castel Di Leva,263,00134,Roma,RM,Roma,Lazio
38086,Via Delle Messi D'oro,197,00158,Roma,RM,Roma,Lazio
38087,Via Delle Messi D'oro,197,00158,Roma,RM,Roma,Lazio
38155,Viale Caduti Guerra Liberazione,392,00128,Roma,RM,Roma,Lazio
38156,Viale Caduti Guerra Liberazione,392,00128,Roma,RM,Roma,Lazio
38167,Via Fiume Giallo,399/401,00144,Roma,RM,Roma,Lazio
38168,Via Fiume Giallo,399/401,00144,Roma,RM,Roma,Lazio
38169,Viale Gianluigi Bonelli,84A/B/BI,00127,Roma,RM,Roma,Lazio
38170,Viale Gianluigi Bonelli,84a/b/bi,00127,Roma,RM,Roma,Lazio
38177,Via Di Torrenova,78,00133,Roma,RM,Roma,Lazio
38178,Via Di Torrenova,78,00133,Roma,RM,Roma,Lazio
38215,Via S. Biagio Platani,272/a,00133,Roma,RM,Roma,Lazio
38273,Via Ollolai,48,00132,Roma,RM,Roma,Lazio
38319,Via Dei Mazzanti,15,00148,Roma,RM,Roma,Lazio
38363,Via Di Vermicino,563,00133,Roma,RM,Roma,Lazio
38503,Via Siculiana,73/73a,00133,Roma,RM,Roma,Lazio
38531,Via Giancarlo Vigorelli,19,00128,Roma,RM,Roma,Lazio
38669,Via Di Settebagni,300,00139,Roma,RM,Roma,Lazio
38685,Viale Dei Promontori,292,00122,Roma,RM,Roma,Lazio
38692,Via Pian Due Torri,39/A-B-C,00146,Roma,RM,Roma,Lazio
38698,Via Via Luigi Sica,7/9,00126,Roma,RM,Roma,Lazio
38701,Via Di Torrenova,419-427,00133,Roma,RM,Roma,Lazio
38703,Via Cassia  (ingresso Da Via V. Piccinini),1277C,00135,Roma,RM,Roma,Lazio
38716,Via Monsignor Pietro Orsi,37-39,00132,Roma,RM,Roma,Lazio
38731,Via Ugo Ojetti,452/454,00137,Roma,RM,Roma,Lazio
38732,Via Vincenzo Comparini,122,00188,Roma,RM,Roma,Lazio
38738,Via Valle Muricana,685/687/687A,00188,Roma,RM,Roma,Lazio
38752,Via Via Carlo Bernari,37-39-41,00139,Roma,RM,Roma,Lazio
38800,Via Enrico Ferri,8,00173,Roma,RM,Roma,Lazio
38815,Via Motta Camastra,5,00132,Roma,RM,Roma,Lazio
38847,Via Enrico Bondi,261/263,00166,Roma,RM,Roma,Lazio
38854,Via Del Monte Delle Capre,45 B,00148,Roma,RM,Roma,Lazio
